
> vb6-studio-web@0.4.0 test
> node --test tests/*.test.mjs

TAP version 13
# Subtest: named colon-equals is not split as statement separator
ok 1 - named colon-equals is not split as statement separator
  ---
  duration_ms: 1.941476
  type: 'test'
  ...
# Subtest: named arguments reordered and optional omitted without comma
ok 2 - named arguments reordered and optional omitted without comma
  ---
  duration_ms: 39.574759
  type: 'test'
  ...
# Subtest: statement named arguments, continuation and single line If
ok 3 - statement named arguments, continuation and single line If
  ---
  duration_ms: 10.666815
  type: 'test'
  ...
# Subtest: omitted argument differs from explicitly passed Empty
ok 4 - omitted argument differs from explicitly passed Empty
  ---
  duration_ms: 6.043247
  type: 'test'
  ...
# Subtest: Empty required argument is a supplied value
ok 5 - Empty required argument is a supplied value
  ---
  duration_ms: 0.923542
  type: 'test'
  ...
# Subtest: default expressions use declaring module, not caller shadowing
ok 6 - default expressions use declaring module, not caller shadowing
  ---
  duration_ms: 1.494673
  type: 'test'
  ...
# Subtest: modifier words inside optional string literals are preserved
ok 7 - modifier words inside optional string literals are preserved
  ---
  duration_ms: 7.272129
  type: 'test'
  ...
# Subtest: typed optional without default is not missing
ok 8 - typed optional without default is not missing
  ---
  duration_ms: 0.767937
  type: 'test'
  ...
# Subtest: Missing forwards as omitted and Empty forwards as supplied
ok 9 - Missing forwards as omitted and Empty forwards as supplied
  ---
  duration_ms: 5.05598
  type: 'test'
  ...
# Subtest: ParamArray is never missing and empty array bounds are defined
ok 10 - ParamArray is never missing and empty array bounds are defined
  ---
  duration_ms: 1.318097
  type: 'test'
  ...
# Subtest: named ByRef binds the original variable
ok 11 - named ByRef binds the original variable
  ---
  duration_ms: 7.540774
  type: 'test'
  ...
# Subtest: parenthesized named ByRef passes a temporary
ok 12 - parenthesized named ByRef passes a temporary
  ---
  duration_ms: 0.648557
  type: 'test'
  ...
# Subtest: named arguments evaluate once in source order before binding
ok 13 - named arguments evaluate once in source order before binding
  ---
  duration_ms: 1.307411
  type: 'test'
  ...
# Subtest: rejects invalid argument binding: Take(a:="a", a:="b")
ok 14 - rejects invalid argument binding: Take(a:="a", a:="b")
  ---
  duration_ms: 4.969219
  type: 'test'
  ...
# Subtest: rejects invalid argument binding: Take("a", a:="b")
ok 15 - rejects invalid argument binding: Take("a", a:="b")
  ---
  duration_ms: 0.573004
  type: 'test'
  ...
# Subtest: rejects invalid argument binding: Take(noSuch:="a")
ok 16 - rejects invalid argument binding: Take(noSuch:="a")
  ---
  duration_ms: 1.369825
  type: 'test'
  ...
# Subtest: rejects invalid argument binding: Take(c:="c", "a")
ok 17 - rejects invalid argument binding: Take(c:="c", "a")
  ---
  duration_ms: 0.505271
  type: 'test'
  ...
# Subtest: rejects invalid argument binding: Take(, 1)
ok 18 - rejects invalid argument binding: Take(, 1)
  ---
  duration_ms: 0.575527
  type: 'test'
  ...
# Subtest: rejects invalid argument binding: Take()
ok 19 - rejects invalid argument binding: Take()
  ---
  duration_ms: 9.153625
  type: 'test'
  ...
# Subtest: builtin named arguments use published names
ok 20 - builtin named arguments use published names
  ---
  duration_ms: 1.143744
  type: 'test'
  ...
# Subtest: String-returning intrinsics support $ spelling
ok 21 - String-returning intrinsics support $ spelling
  ---
  duration_ms: 1.620232
  type: 'test'
  ...
# Subtest: Variant string functions propagate Null but $ form rejects it
ok 22 - Variant string functions propagate Null but $ form rejects it
  ---
  duration_ms: 4.390095
  type: 'test'
  ...
# Subtest: static locals are per instance and per procedure
ok 23 - static locals are per instance and per procedure
  ---
  duration_ms: 1.946313
  type: 'test'
  ...
# Subtest: As New replacement has fresh static locals
ok 24 - As New replacement has fresh static locals
  ---
  duration_ms: 0.851543
  type: 'test'
  ...
# Subtest: TypeOf handles class references, Nothing and native collections
ok 25 - TypeOf handles class references, Nothing and native collections
  ---
  duration_ms: 59.304141
  type: 'test'
  ...
# Subtest: TypeOf rejects scalar values
ok 26 - TypeOf rejects scalar values
  ---
  duration_ms: 3.214775
  type: 'test'
  ...
# Subtest: qualified New object creation
ok 27 - qualified New object creation
  ---
  duration_ms: 2.308689
  type: 'test'
  ...
# Subtest: Mid assignment updates only destination span and preserves length
ok 28 - Mid assignment updates only destination span and preserves length
  ---
  duration_ms: 3.050337
  type: 'test'
  ...
# Subtest: LSet and RSet pad to destination length
ok 29 - LSet and RSet pad to destination length
  ---
  duration_ms: 0.547234
  type: 'test'
  ...
# Subtest: Mid supports array destinations
ok 30 - Mid supports array destinations
  ---
  duration_ms: 0.878053
  type: 'test'
  ...
# Subtest: invalid Mid position is rejected: Mid(s, 0) = "x"
ok 31 - invalid Mid position is rejected: Mid(s, 0) = "x"
  ---
  duration_ms: 1.880725
  type: 'test'
  ...
# Subtest: invalid Mid position is rejected: Mid(s, 1, -1) = "x"
ok 32 - invalid Mid position is rejected: Mid(s, 1, -1) = "x"
  ---
  duration_ms: 0.617601
  type: 'test'
  ...
# Subtest: invalid procedure signature: Sub Bad(Optional x, y)
ok 33 - invalid procedure signature: Sub Bad(Optional x, y)
  ---
  duration_ms: 0.561997
  type: 'test'
  ...
# Subtest: invalid procedure signature: Sub Bad(x, x)
ok 34 - invalid procedure signature: Sub Bad(x, x)
  ---
  duration_ms: 0.108173
  type: 'test'
  ...
# Subtest: invalid procedure signature: Sub Bad(ParamArray x As Variant)
ok 35 - invalid procedure signature: Sub Bad(ParamArray x As Variant)
  ---
  duration_ms: 0.084197
  type: 'test'
  ...
# Subtest: invalid procedure signature: Sub Bad(ParamArray x() As Variant, y)
ok 36 - invalid procedure signature: Sub Bad(ParamArray x() As Variant, y)
  ---
  duration_ms: 0.076716
  type: 'test'
  ...
# Subtest: invalid procedure signature: Sub Bad(x As Long = 4)
ok 37 - invalid procedure signature: Sub Bad(x As Long = 4)
  ---
  duration_ms: 0.078849
  type: 'test'
  ...
# Subtest: Missing cannot silently coerce to scalar
ok 38 - Missing cannot silently coerce to scalar
  ---
  duration_ms: 0.156766
  type: 'test'
  ...
# Subtest: Spin step respects positive increment and both bounds
ok 39 - Spin step respects positive increment and both bounds
  ---
  duration_ms: 0.695298
  type: 'test'
  ...
# Subtest: Spin wrapping includes reversed Min/Max endpoints
ok 40 - Spin wrapping includes reversed Min/Max endpoints
  ---
  duration_ms: 0.110486
  type: 'test'
  ...
# Subtest: Spin zero increment and non-finite values do not move
ok 41 - Spin zero increment and non-finite values do not move
  ---
  duration_ms: 0.098658
  type: 'test'
  ...
# Subtest: Element factory distinguishes ARIA/enumerated false from HTML boolean false
ok 42 - Element factory distinguishes ARIA/enumerated false from HTML boolean false
  ---
  duration_ms: 0.713686
  type: 'test'
  ...
# Subtest: command IDs are unique and defaults contain only public commands
ok 43 - command IDs are unique and defaults contain only public commands
  ---
  duration_ms: 7.384138
  type: 'test'
  ...
# Subtest: custom toolbar names, insertion and order are validated
ok 44 - custom toolbar names, insertion and order are validated
  ---
  duration_ms: 1.20725
  type: 'test'
  ...
# Subtest: built-in bars reset items without deleting visibility state
ok 45 - built-in bars reset items without deleting visibility state
  ---
  duration_ms: 0.217919
  type: 'test'
  ...
# Subtest: toolbar restore preserves floating/docking/custom order and is atomic
ok 46 - toolbar restore preserves floating/docking/custom order and is atomic
  ---
  duration_ms: 0.926847
  type: 'test'
  ...
# Subtest: missing default bars recover and geometry is bounded
ok 47 - missing default bars recover and geometry is bounded
  ---
  duration_ms: 4.389836
  type: 'test'
  ...
# Subtest: toolbar descriptor/size abuse is rejected
ok 48 - toolbar descriptor/size abuse is rejected
  ---
  duration_ms: 1.137033
  type: 'test'
  ...
# Subtest: disconnected field schemas enforce supported types, size and case-insensitive uniqueness
ok 49 - disconnected field schemas enforce supported types, size and case-insensitive uniqueness
  ---
  duration_ms: 3.3777
  type: 'test'
  ...
# Subtest: open, close and state transitions reject unsupported providers and cursor types
ok 50 - open, close and state transitions reject unsupported providers and cursor types
  ---
  duration_ms: 0.488486
  type: 'test'
  ...
# Subtest: typed numeric, Currency, Boolean and Date fields coerce and reject overflow atomically
ok 51 - typed numeric, Currency, Boolean and Date fields coerce and reject overflow atomically
  ---
  duration_ms: 1.684318
  type: 'test'
  ...
# Subtest: field edits are cancellable before Update and preserve OriginalValue
ok 52 - field edits are cancellable before Update and preserve OriginalValue
  ---
  duration_ms: 1.00209
  type: 'test'
  ...
# Subtest: CancelUpdate discards a new row and restores the previous current row
ok 53 - CancelUpdate discards a new row and restores the previous current row
  ---
  duration_ms: 0.520985
  type: 'test'
  ...
# Subtest: navigation commits pending edits and handles BOF/EOF without unbounded positions
ok 54 - navigation commits pending edits and handles BOF/EOF without unbounded positions
  ---
  duration_ms: 0.511991
  type: 'test'
  ...
# Subtest: Update field/value arrays validate all fields before any mutation
ok 55 - Update field/value arrays validate all fields before any mutation
  ---
  duration_ms: 0.520284
  type: 'test'
  ...
# Subtest: invalid AddNew field/value arrays do not commit or discard an existing edit
ok 56 - invalid AddNew field/value arrays do not commit or discard an existing edit
  ---
  duration_ms: 0.301454
  type: 'test'
  ...
# Subtest: AddNew with values commits immediately and uses typed Currency
ok 57 - AddNew with values commits immediately and uses typed Currency
  ---
  duration_ms: 0.759134
  type: 'test'
  ...
# Subtest: stable bookmarks survive sorting and edits but cannot access filtered or deleted rows
ok 58 - stable bookmarks survive sorting and edits but cannot access filtered or deleted rows
  ---
  duration_ms: 3.174144
  type: 'test'
  ...
# Subtest: sort is stable, typed, case-insensitive and supports bracketed field names
ok 59 - sort is stable, typed, case-insensitive and supports bracketed field names
  ---
  duration_ms: 1.138245
  type: 'test'
  ...
# Subtest: invalid sort preserves the previous sort, view and current row
ok 60 - invalid sort preserves the previous sort, view and current row
  ---
  duration_ms: 17.801668
  type: 'test'
  ...
# Subtest: criteria support quoted names, doubled apostrophes, Currency and flat AND/OR
ok 61 - criteria support quoted names, doubled apostrophes, Currency and flat AND/OR
  ---
  duration_ms: 1.045987
  type: 'test'
  ...
# Subtest: LIKE supports prefix and surrounding patterns without regex injection
ok 62 - LIKE supports prefix and surrounding patterns without regex injection
  ---
  duration_ms: 0.480484
  type: 'test'
  ...
# Subtest: invalid or unsupported filters are atomic, not silently approximated
ok 63 - invalid or unsupported filters are atomic, not silently approximated
  ---
  duration_ms: 0.485552
  type: 'test'
  ...
# Subtest: empty recordsets and zero matching rows have BOF and EOF set
ok 64 - empty recordsets and zero matching rows have BOF and EOF set
  ---
  duration_ms: 0.309316
  type: 'test'
  ...
# Subtest: read-only recordsets reject every write path
ok 65 - read-only recordsets reject every write path
  ---
  duration_ms: 0.207052
  type: 'test'
  ...
# Subtest: GetRows respects row limits, field selection, cursor advancement and empty results
ok 66 - GetRows respects row limits, field selection, cursor advancement and empty results
  ---
  duration_ms: 0.976001
  type: 'test'
  ...
# Subtest: data observers see lifecycle/edit/cancel events and disposal removes subscriptions
ok 67 - data observers see lifecycle/edit/cancel events and disposal removes subscriptions
  ---
  duration_ms: 0.347573
  type: 'test'
  ...
# Subtest: an observer exception cannot roll back committed changes or stop other observers
ok 68 - an observer exception cannot roll back committed changes or stop other observers
  ---
  duration_ms: 0.350478
  type: 'test'
  ...
# Subtest: binding API writes typed values and refuses stale, removed and filtered records
ok 69 - binding API writes typed values and refuses stale, removed and filtered records
  ---
  duration_ms: 0.426764
  type: 'test'
  ...
# Subtest: malicious field names do not alter JavaScript prototypes
ok 70 - malicious field names do not alter JavaScript prototypes
  ---
  duration_ms: 0.178029
  type: 'test'
  ...
# Subtest: repeated reads reuse the compiled view until data or filter changes
ok 71 - repeated reads reuse the compiled view until data or filter changes
  ---
  duration_ms: 0.330769
  type: 'test'
  ...
# Subtest: VB execution exercises typed field edits, CancelUpdate, filters and row arrays
ok 72 - VB execution exercises typed field edits, CancelUpdate, filters and row arrays
  ---
  duration_ms: 23.302006
  type: 'test'
  ...
# Subtest: safe watch arithmetic and intrinsics do not create implicit variables
ok 73 - safe watch arithmetic and intrinsics do not create implicit variables
  ---
  duration_ms: 11.855076
  type: 'test'
  ...
# Subtest: automatic watches do not invoke functions or properties
ok 74 - automatic watches do not invoke functions or properties
  ---
  duration_ms: 3.48422
  type: 'test'
  ...
# Subtest: lazy objects are displayed without construction
ok 75 - lazy objects are displayed without construction
  ---
  duration_ms: 2.129439
  type: 'test'
  ...
# Subtest: stored record and multidimensional array inspection is bounded
ok 76 - stored record and multidimensional array inspection is bounded
  ---
  duration_ms: 108.657737
  type: 'test'
  ...
# Subtest: typed edits preserve bounds and are atomic on failure
ok 77 - typed edits preserve bounds and are atomic on failure
  ---
  duration_ms: 1.606781
  type: 'test'
  ...
# Subtest: caller-frame inspection and editing do not change current frame
ok 78 - caller-frame inspection and editing do not change current frame
  ---
  duration_ms: 17.193822
  type: 'test'
  ...
# Subtest: constants and private cross-module fields are read-only
ok 79 - constants and private cross-module fields are read-only
  ---
  duration_ms: 0.692624
  type: 'test'
  ...
# Subtest: native getters and prototype paths are not executed
ok 80 - native getters and prototype paths are not executed
  ---
  duration_ms: 2.30871
  type: 'test'
  ...
# Subtest: watch expression length and recursion bounds reject abuse
ok 81 - watch expression length and recursion bounds reject abuse
  ---
  duration_ms: 2.850116
  type: 'test'
  ...
# Subtest: Run to Cursor pauses before the target without retaining a breakpoint
ok 82 - Run to Cursor pauses before the target without retaining a breakpoint
  ---
  duration_ms: 1.62597
  type: 'test'
  ...
# Subtest: Run to Cursor validates break mode and executable source
ok 83 - Run to Cursor validates break mode and executable source
  ---
  duration_ms: 1.039417
  type: 'test'
  ...
# Subtest: break-on-change watch triggers before the following statement
ok 84 - break-on-change watch triggers before the following statement
  ---
  duration_ms: 0.704381
  type: 'test'
  ...
# Subtest: break-when-true watch respects procedure context
ok 85 - break-when-true watch respects procedure context
  ---
  duration_ms: 1.140088
  type: 'test'
  ...
# Subtest: watchpoint configuration validates atomically
ok 86 - watchpoint configuration validates atomically
  ---
  duration_ms: 0.428666
  type: 'test'
  ...
# Subtest: unsafe breakpoint conditions never execute user procedures
ok 87 - unsafe breakpoint conditions never execute user procedures
  ---
  duration_ms: 2.210912
  type: 'test'
  ...
# Subtest: pause listeners can resume synchronously without a lost resolver
ok 88 - pause listeners can resume synchronously without a lost resolver
  ---
  duration_ms: 20.764322
  type: 'test'
  ...
# Subtest: active expression edit applies before the suspended instruction, retaining locals
ok 89 - active expression edit applies before the suspended instruction, retaining locals
  ---
  duration_ms: 14.126419
  type: 'test'
  ...
# Subtest: inserted comments remap breakpoints and current source without restarting
ok 90 - inserted comments remap breakpoints and current source without restarting
  ---
  duration_ms: 6.262127
  type: 'test'
  ...
# Subtest: invalid syntax rejects atomically and leaves the old code runnable
ok 91 - invalid syntax rejects atomically and leaves the old code runnable
  ---
  duration_ms: 1.501833
  type: 'test'
  ...
# Subtest: active topology and local type edits require restart without losing locals
ok 92 - active topology and local type edits require restart without losing locals
  ---
  duration_ms: 1.221731
  type: 'test'
  ...
# Subtest: module fields, signatures and deleted procedures are rejected atomically
ok 93 - module fields, signatures and deleted procedures are rejected atomically
  ---
  duration_ms: 6.7285
  type: 'test'
  ...
# Subtest: inactive procedure bodies can change control flow and new procedures can be added
ok 94 - inactive procedure bodies can change control flow and new procedures can be added
  ---
  duration_ms: 2.016279
  type: 'test'
  ...
# Subtest: edits update existing class instances and held procedure identities
ok 95 - edits update existing class instances and held procedure identities
  ---
  duration_ms: 6.383931
  type: 'test'
  ...
# Subtest: all suspended caller frames are validated, not only the top frame
ok 96 - all suspended caller frames are validated, not only the top frame
  ---
  duration_ms: 1.163283
  type: 'test'
  ...
# Subtest: Set Next Statement skips a pending statement in a straight-line region
ok 97 - Set Next Statement skips a pending statement in a straight-line region
  ---
  duration_ms: 22.313586
  type: 'test'
  ...
# Subtest: Set Next Statement can replay an assignment while retaining state
ok 98 - Set Next Statement can replay an assignment while retaining state
  ---
  duration_ms: 1.071925
  type: 'test'
  ...
# Subtest: Set Next Statement rejects cross-procedure, cross-module and loop-entry moves
ok 99 - Set Next Statement rejects cross-procedure, cross-module and loop-entry moves
  ---
  duration_ms: 0.793776
  type: 'test'
  ...
# Subtest: running non-paused frames cannot receive unsafe debugger mutations
ok 100 - running non-paused frames cannot receive unsafe debugger mutations
  ---
  duration_ms: 4.520172
  type: 'test'
  ...
# Subtest: each tool belongs to exactly one group through float/dock operations
ok 101 - each tool belongs to exactly one group through float/dock operations
  ---
  duration_ms: 3.492964
  type: 'test'
  ...
# Subtest: hidden tabs retain placement and activate a surviving sibling
ok 102 - hidden tabs retain placement and activate a surviving sibling
  ---
  duration_ms: 0.339351
  type: 'test'
  ...
# Subtest: floating a tab remembers its dock home
ok 103 - floating a tab remembers its dock home
  ---
  duration_ms: 0.366412
  type: 'test'
  ...
# Subtest: float whole group retains tab order
ok 104 - float whole group retains tab order
  ---
  duration_ms: 0.274854
  type: 'test'
  ...
# Subtest: non-dockable windows float and reject dock attempts
ok 105 - non-dockable windows float and reject dock attempts
  ---
  duration_ms: 0.235535
  type: 'test'
  ...
# Subtest: layout snapshot round-trips independently of stored object references
ok 106 - layout snapshot round-trips independently of stored object references
  ---
  duration_ms: 1.203784
  type: 'test'
  ...
# Subtest: invalid or duplicate membership restores fail atomically
ok 107 - invalid or duplicate membership restores fail atomically
  ---
  duration_ms: 0.897363
  type: 'test'
  ...
# Subtest: unknown window IDs are ignored, known missing tools regain defaults
ok 108 - unknown window IDs are ignored, known missing tools regain defaults
  ---
  duration_ms: 0.381285
  type: 'test'
  ...
# Subtest: restored hostile sizes and nonfinite geometry are bounded
ok 109 - restored hostile sizes and nonfinite geometry are bounded
  ---
  duration_ms: 0.723821
  type: 'test'
  ...
# Subtest: floating rectangles stay entirely on-screen after viewport shrink
ok 110 - floating rectangles stay entirely on-screen after viewport shrink
  ---
  duration_ms: 0.49088
  type: 'test'
  ...
# Subtest: random relocation maintains one membership per registered window
ok 111 - random relocation maintains one membership per registered window
  ---
  duration_ms: 7.625742
  type: 'test'
  ...
# Subtest: incremental indices preserve procedure starts for edits and end-of-file
ok 112 - incremental indices preserve procedure starts for edits and end-of-file
  ---
  duration_ms: 7.698202
  type: 'test'
  ...
# Subtest: incremental random edits agree with a full reindex (2000 patches)
ok 113 - incremental random edits agree with a full reindex (2000 patches)
  ---
  duration_ms: 33.333874
  type: 'test'
  ...
# Subtest: single-line edit does not rescan 100000 unchanged lines
ok 114 - single-line edit does not rescan 100000 unchanged lines
  ---
  duration_ms: 53.762901
  type: 'test'
  ...
# Subtest: input edit hints handle insertion, deletion, surrogate pairs and fallback
ok 115 - input edit hints handle insertion, deletion, surrogate pairs and fallback
  ---
  duration_ms: 0.287333
  type: 'test'
  ...
# Subtest: highlight cache is bounded and least-recently-used
ok 116 - highlight cache is bounded and least-recently-used
  ---
  duration_ms: 0.381996
  type: 'test'
  ...
# Subtest: sparse source history scales with inserted bytes and replays in both directions
ok 117 - sparse source history scales with inserted bytes and replays in both directions
  ---
  duration_ms: 38.166467
  type: 'test'
  ...
# Subtest: declaration index handles locals, parameters, arrays and public members
ok 118 - declaration index handles locals, parameters, arrays and public members
  ---
  duration_ms: 2.430883
  type: 'test'
  ...
# Subtest: member completion honors local shadowing and private class members
ok 119 - member completion honors local shadowing and private class members
  ---
  duration_ms: 28.495037
  type: 'test'
  ...
# Subtest: intelligence reuses unchanged module declaration scans
ok 120 - intelligence reuses unchanged module declaration scans
  ---
  duration_ms: 0.383948
  type: 'test'
  ...
# Subtest: constants list is deterministic, unique and prefix filtered
ok 121 - constants list is deterministic, unique and prefix filtered
  ---
  duration_ms: 1.216883
  type: 'test'
  ...
# Subtest: strings and apostrophe comments do not produce completions
ok 122 - strings and apostrophe comments do not produce completions
  ---
  duration_ms: 0.136686
  type: 'test'
  ...
# Subtest: nested call context ignores commas in literals and inner functions
ok 123 - nested call context ignores commas in literals and inner functions
  ---
  duration_ms: 1.785971
  type: 'test'
  ...
# Subtest: parameter info supports named parameters and multiline continuation
ok 124 - parameter info supports named parameters and multiline continuation
  ---
  duration_ms: 0.433343
  type: 'test'
  ...
# Subtest: unparenthesized Sub calls show argument context
ok 125 - unparenthesized Sub calls show argument context
  ---
  duration_ms: 0.284288
  type: 'test'
  ...
# Subtest: masking and split preserve quoted commas, nested calls and comments
ok 126 - masking and split preserve quoted commas, nested calls and comments
  ---
  duration_ms: 0.290738
  type: 'test'
  ...
# Subtest: type and enum declarations expose correct typed members
ok 127 - type and enum declarations expose correct typed members
  ---
  duration_ms: 0.726044
  type: 'test'
  ...
# Subtest: typed browser controls expose implemented properties, not unrelated control fields
ok 128 - typed browser controls expose implemented properties, not unrelated control fields
  ---
  duration_ms: 4.626582
  type: 'test'
  ...
# Subtest: projection indexes UTF-16 line offsets and final empty line
ok 129 - projection indexes UTF-16 line offsets and final empty line
  ---
  duration_ms: 8.730397
  type: 'test'
  ...
# Subtest: full module view projects the entire source exactly
ok 130 - full module view projects the entire source exactly
  ---
  duration_ms: 0.247012
  type: 'test'
  ...
# Subtest: procedure view does not include the following header
ok 131 - procedure view does not include the following header
  ---
  duration_ms: 0.300693
  type: 'test'
  ...
# Subtest: declarations are independently editable without joining the first header
ok 132 - declarations are independently editable without joining the first header
  ---
  duration_ms: 0.220062
  type: 'test'
  ...
# Subtest: empty declarations before a line-one procedure remain a zero-length insertion
ok 133 - empty declarations before a line-one procedure remain a zero-length insertion
  ---
  duration_ms: 4.45932
  type: 'test'
  ...
# Subtest: editing a projection preserves all unselected source bytes
ok 134 - editing a projection preserves all unselected source bytes
  ---
  duration_ms: 0.269115
  type: 'test'
  ...
# Subtest: offset remapping keeps selections before/after an edit stable
ok 135 - offset remapping keeps selections before/after an edit stable
  ---
  duration_ms: 0.230928
  type: 'test'
  ...
# Subtest: offset remapping after deletion collapses selections inside removed text
ok 136 - offset remapping after deletion collapses selections inside removed text
  ---
  duration_ms: 0.098669
  type: 'test'
  ...
# Subtest: procedure and property headers have independent projections
ok 137 - procedure and property headers have independent projections
  ---
  duration_ms: 0.279511
  type: 'test'
  ...
# Subtest: syntax selection preserves lexical context and HTML escaping
ok 138 - syntax selection preserves lexical context and HTML escaping
  ---
  duration_ms: 0.704642
  type: 'test'
  ...
# Subtest: multiline selection includes the visual newline cell
ok 139 - multiline selection includes the visual newline cell
  ---
  duration_ms: 0.221304
  type: 'test'
  ...
# Subtest: Binary scalar Byte
ok 140 - Binary scalar Byte
  ---
  duration_ms: 1.404386
  type: 'test'
  ...
# Subtest: Binary scalar Integer
ok 141 - Binary scalar Integer
  ---
  duration_ms: 0.114192
  type: 'test'
  ...
# Subtest: Binary scalar Long
ok 142 - Binary scalar Long
  ---
  duration_ms: 0.147282
  type: 'test'
  ...
# Subtest: Binary scalar Single
ok 143 - Binary scalar Single
  ---
  duration_ms: 0.09321
  type: 'test'
  ...
# Subtest: Binary scalar Double
ok 144 - Binary scalar Double
  ---
  duration_ms: 0.259431
  type: 'test'
  ...
# Subtest: Binary scalar Boolean
ok 145 - Binary scalar Boolean
  ---
  duration_ms: 0.095725
  type: 'test'
  ...
# Subtest: Binary scalar Currency
ok 146 - Binary scalar Currency
  ---
  duration_ms: 0.170167
  type: 'test'
  ...
# Subtest: Binary scalar Date
ok 147 - Binary scalar Date
  ---
  duration_ms: 0.626895
  type: 'test'
  ...
# Subtest: Binary uses little-endian native scalar layouts
ok 148 - Binary uses little-endian native scalar layouts
  ---
  duration_ms: 0.929621
  type: 'test'
  ...
# Subtest: ANSI encoding round trips euro and rejects lossy Unicode
ok 149 - ANSI encoding round trips euro and rejects lossy Unicode
  ---
  duration_ms: 0.78305
  type: 'test'
  ...
# Subtest: Random strings have unsigned 16-bit lengths; fixed strings do not
ok 150 - Random strings have unsigned 16-bit lengths; fixed strings do not
  ---
  duration_ms: 7.181513
  type: 'test'
  ...
# Subtest: Variant descriptor undefined
ok 151 - Variant descriptor undefined
  ---
  duration_ms: 0.177898
  type: 'test'
  ...
# Subtest: Variant descriptor null
ok 152 - Variant descriptor null
  ---
  duration_ms: 0.053901
  type: 'test'
  ...
# Subtest: Variant descriptor 42
ok 153 - Variant descriptor 42
  ---
  duration_ms: 0.070216
  type: 'test'
  ...
# Subtest: Variant descriptor 3.141592653589793
ok 154 - Variant descriptor 3.141592653589793
  ---
  duration_ms: 0.169346
  type: 'test'
  ...
# Subtest: Variant descriptor hello
ok 155 - Variant descriptor hello
  ---
  duration_ms: 0.076766
  type: 'test'
  ...
# Subtest: Variant descriptor 4.321
ok 156 - Variant descriptor 4.321
  ---
  duration_ms: 0.065409
  type: 'test'
  ...
# Subtest: Binary arrays write first-dimension-fastest without a descriptor
ok 157 - Binary arrays write first-dimension-fastest without a descriptor
  ---
  duration_ms: 0.53088
  type: 'test'
  ...
# Subtest: Random dynamic arrays preserve descriptors and lower bounds
ok 158 - Random dynamic arrays preserve descriptors and lower bounds
  ---
  duration_ms: 0.336037
  type: 'test'
  ...
# Subtest: corrupt descriptors, truncated data and scalar array Variants reject
ok 159 - corrupt descriptors, truncated data and scalar array Variants reject
  ---
  duration_ms: 0.213441
  type: 'test'
  ...
# Subtest: typed records concatenate fields without padding
ok 160 - typed records concatenate fields without padding
  ---
  duration_ms: 0.423418
  type: 'test'
  ...
# Subtest: VM Binary Put/Get, byte positions, Seek and EOF
ok 161 - VM Binary Put/Get, byte positions, Seek and EOF
  ---
  duration_ms: 14.746693
  type: 'test'
  ...
# Subtest: VM Random record operations honor Len expressions and typed UDT fields
ok 162 - VM Random record operations honor Len expressions and typed UDT fields
  ---
  duration_ms: 4.565721
  type: 'test'
  ...
# Subtest: VM fixed strings and declared byte arrays use their storage schema
ok 163 - VM fixed strings and declared byte arrays use their storage schema
  ---
  duration_ms: 2.658937
  type: 'test'
  ...
# Subtest: VM Read/Write access rejects unauthorized operations
ok 164 - VM Read/Write access rejects unauthorized operations
  ---
  duration_ms: 1.203293
  type: 'test'
  ...
# Subtest: VM binary copy/rename preserves bytes
ok 165 - VM binary copy/rename preserves bytes
  ---
  duration_ms: 1.073097
  type: 'test'
  ...
# Subtest: snapshot is JSON-safe and preserves every byte with legacy text files
ok 166 - snapshot is JSON-safe and preserves every byte with legacy text files
  ---
  duration_ms: 0.379823
  type: 'test'
  ...
# Subtest: failed Get and oversized Put do not move position or mutate files
ok 167 - failed Get and oversized Put do not move position or mutate files
  ---
  duration_ms: 0.244068
  type: 'test'
  ...
# Subtest: record-size checks leave existing bytes intact
ok 168 - record-size checks leave existing bytes intact
  ---
  duration_ms: 0.180312
  type: 'test'
  ...
# Subtest: virtual locks apply to the touched region and release on Close
ok 169 - virtual locks apply to the touched region and release on Close
  ---
  duration_ms: 0.507605
  type: 'test'
  ...
# Subtest: shared opens observe writes, lock modes deny conflicting access
ok 170 - shared opens observe writes, lock modes deny conflicting access
  ---
  duration_ms: 1.015119
  type: 'test'
  ...
# Subtest: FreeFile range and invalid seek/access boundaries
ok 171 - FreeFile range and invalid seek/access boundaries
  ---
  duration_ms: 0.174443
  type: 'test'
  ...
# Subtest: project search returns full-source UTF16 locations in module order
ok 172 - project search returns full-source UTF16 locations in module order
  ---
  duration_ms: 2.075468
  type: 'test'
  ...
# Subtest: literal search escapes .
ok 173 - literal search escapes .
  ---
  duration_ms: 0.281434
  type: 'test'
  ...
# Subtest: literal search escapes *
ok 174 - literal search escapes *
  ---
  duration_ms: 0.257998
  type: 'test'
  ...
# Subtest: literal search escapes [a]
ok 175 - literal search escapes [a]
  ---
  duration_ms: 0.184218
  type: 'test'
  ...
# Subtest: literal search escapes (hello)
ok 176 - literal search escapes (hello)
  ---
  duration_ms: 0.159971
  type: 'test'
  ...
# Subtest: literal search escapes $
ok 177 - literal search escapes $
  ---
  duration_ms: 0.140732
  type: 'test'
  ...
# Subtest: literal search escapes \\
ok 178 - literal search escapes \\
  ---
  duration_ms: 0.15934
  type: 'test'
  ...
# Subtest: literal search escapes ?
ok 179 - literal search escapes ?
  ---
  duration_ms: 0.118819
  type: 'test'
  ...
# Subtest: literal search escapes a+b
ok 180 - literal search escapes a+b
  ---
  duration_ms: 0.281594
  type: 'test'
  ...
# Subtest: literal search escapes ^
ok 181 - literal search escapes ^
  ---
  duration_ms: 0.350298
  type: 'test'
  ...
# Subtest: whole-word and match-case options distinguish identifiers
ok 182 - whole-word and match-case options distinguish identifiers
  ---
  duration_ms: 0.255866
  type: 'test'
  ...
# Subtest: module-only search captures just that module
ok 183 - module-only search captures just that module
  ---
  duration_ms: 0.130707
  type: 'test'
  ...
# Subtest: search snapshots become stale when a matching or unrelated source changes
ok 184 - search snapshots become stale when a matching or unrelated source changes
  ---
  duration_ms: 0.535648
  type: 'test'
  ...
# Subtest: stale search rejects module replacement, removal and addition atomically
ok 185 - stale search rejects module replacement, removal and addition atomically
  ---
  duration_ms: 0.216496
  type: 'test'
  ...
# Subtest: renamed module retains valid id-and-source search
ok 186 - renamed module retains valid id-and-source search
  ---
  duration_ms: 0.422196
  type: 'test'
  ...
# Subtest: search limit reports truncation and refuses partial replacement
ok 187 - search limit reports truncation and refuses partial replacement
  ---
  duration_ms: 0.23237
  type: 'test'
  ...
# Subtest: exactly full search limit does not falsely report truncation
ok 188 - exactly full search limit does not falsely report truncation
  ---
  duration_ms: 0.096545
  type: 'test'
  ...
# Subtest: replacement creates a new project, treats dollar syntax literally and can be undone atomically
ok 189 - replacement creates a new project, treats dollar syntax literally and can be undone atomically
  ---
  duration_ms: 0.505522
  type: 'test'
  ...
# Subtest: replace does not leave partial modifications after size failure
ok 190 - replace does not leave partial modifications after size failure
  ---
  duration_ms: 0.970252
  type: 'test'
  ...
# Subtest: 20,000 replacements use a bounded list and preserve literal output
ok 191 - 20,000 replacements use a bounded list and preserve literal output
  ---
  duration_ms: 15.180807
  type: 'test'
  ...
# Subtest: replacement maps anchors across separate newline insertions
ok 192 - replacement maps anchors across separate newline insertions
  ---
  duration_ms: 0.480995
  type: 'test'
  ...
# Subtest: empty/oversized query and wrong project are rejected
ok 193 - empty/oversized query and wrong project are rejected
  ---
  duration_ms: 0.266271
  type: 'test'
  ...
# Subtest: bookmark normalization removes invalid and duplicate lines
ok 194 - bookmark normalization removes invalid and duplicate lines
  ---
  duration_ms: 0.089956
  type: 'test'
  ...
# Subtest: inserting source at bookmarked line start follows original line
ok 195 - inserting source at bookmarked line start follows original line
  ---
  duration_ms: 0.204348
  type: 'test'
  ...
# Subtest: deleting a full bookmarked line removes its anchor but maps subsequent lines
ok 196 - deleting a full bookmarked line removes its anchor but maps subsequent lines
  ---
  duration_ms: 0.121362
  type: 'test'
  ...
# Subtest: editing text without line changes keeps anchors
ok 197 - editing text without line changes keeps anchors
  ---
  duration_ms: 0.095343
  type: 'test'
  ...
# Subtest: bookmarks navigate through project modules and wrap in either direction
ok 198 - bookmarks navigate through project modules and wrap in either direction
  ---
  duration_ms: 0.209726
  type: 'test'
  ...
# Subtest: no bookmarks returns no navigation target
ok 199 - no bookmarks returns no navigation target
  ---
  duration_ms: 5.133887
  type: 'test'
  ...
# Subtest: Object Browser uses compiler declaration locations, not first textual occurrence
ok 200 - Object Browser uses compiler declaration locations, not first textual occurrence
  ---
  duration_ms: 53.517261
  type: 'test'
  ...
# Subtest: Object Browser private filter omits private members only
ok 201 - Object Browser private filter omits private members only
  ---
  duration_ms: 3.058749
  type: 'test'
  ...
# Subtest: Object Browser contains implemented intrinsic optional signatures
ok 202 - Object Browser contains implemented intrinsic optional signatures
  ---
  duration_ms: 0.859085
  type: 'test'
  ...
# Subtest: Object Browser tolerates incomplete procedure bodies
ok 203 - Object Browser tolerates incomplete procedure bodies
  ---
  duration_ms: 3.409588
  type: 'test'
  ...
# Subtest: Object Browser tolerates invalid conditional compiler input
ok 204 - Object Browser tolerates invalid conditional compiler input
  ---
  duration_ms: 6.030238
  type: 'test'
  ...
# Subtest: Object Browser property accessors remain distinct navigation targets
ok 205 - Object Browser property accessors remain distinct navigation targets
  ---
  duration_ms: 1.70523
  type: 'test'
  ...
# Subtest: Object Browser does not advertise nonexistent OCX libraries
ok 206 - Object Browser does not advertise nonexistent OCX libraries
  ---
  duration_ms: 0.867598
  type: 'test'
  ...
# Subtest: Add Procedure produces compilable Public Sub
ok 207 - Add Procedure produces compilable Public Sub
  ---
  duration_ms: 4.112598
  type: 'test'
  ...
# Subtest: Add Procedure produces compilable Private Sub
ok 208 - Add Procedure produces compilable Private Sub
  ---
  duration_ms: 0.412331
  type: 'test'
  ...
# Subtest: Add Procedure produces compilable Public Function
ok 209 - Add Procedure produces compilable Public Function
  ---
  duration_ms: 0.280723
  type: 'test'
  ...
# Subtest: Add Procedure produces compilable Private Function
ok 210 - Add Procedure produces compilable Private Function
  ---
  duration_ms: 0.342926
  type: 'test'
  ...
# Subtest: Add Procedure produces compilable Public Property
ok 211 - Add Procedure produces compilable Public Property
  ---
  duration_ms: 0.565221
  type: 'test'
  ...
# Subtest: Add Procedure produces compilable Private Property
ok 212 - Add Procedure produces compilable Private Property
  ---
  duration_ms: 0.515197
  type: 'test'
  ...
# Subtest: Add Procedure rejects duplicate fields, controls, keywords and injected source
ok 213 - Add Procedure rejects duplicate fields, controls, keywords and injected source
  ---
  duration_ms: 0.673275
  type: 'test'
  ...
# Subtest: Add Procedure ignores procedure-local name collisions
ok 214 - Add Procedure ignores procedure-local name collisions
  ---
  duration_ms: 7.082824
  type: 'test'
  ...
# Subtest: Procedure attributes round-trip descriptions, IDs and flags preserving other data
ok 215 - Procedure attributes round-trip descriptions, IDs and flags preserving other data
  ---
  duration_ms: 1.318036
  type: 'test'
  ...
# Subtest: Invalid attributes reject without mutation
ok 216 - Invalid attributes reject without mutation
  ---
  duration_ms: 0.449026
  type: 'test'
  ...
# Subtest: Equal spacing uses gaps between unlike widths and preserves endpoints
ok 217 - Equal spacing uses gaps between unlike widths and preserves endpoints
  ---
  duration_ms: 0.366081
  type: 'test'
  ...
# Subtest: Incremental spacing accumulates grid and remove abuts borders
ok 218 - Incremental spacing accumulates grid and remove abuts borders
  ---
  duration_ms: 0.176546
  type: 'test'
  ...
# Subtest: Center controls individually in their parent
ok 219 - Center controls individually in their parent
  ---
  duration_ms: 0.167532
  type: 'test'
  ...
# Subtest: Geometry rejects mixed containers before any mutation
ok 220 - Geometry rejects mixed containers before any mutation
  ---
  duration_ms: 0.13233
  type: 'test'
  ...
# Subtest: Size to grid never changes position and enforces positive extent
ok 221 - Size to grid never changes position and enforces positive extent
  ---
  duration_ms: 0.097127
  type: 'test'
  ...
# Subtest: Largest and smallest sizes apply the respective dimension only
ok 222 - Largest and smallest sizes apply the respective dimension only
  ---
  duration_ms: 0.126371
  type: 'test'
  ...
# Subtest: Spacing preserves a focused interior control
ok 223 - Spacing preserves a focused interior control
  ---
  duration_ms: 0.135714
  type: 'test'
  ...
# Subtest: lexer preserves strings, doubled quotes, source offsets and suffixes
ok 224 - lexer preserves strings, doubled quotes, source offsets and suffixes
  ---
  duration_ms: 10.619263
  type: 'test'
  ...
# Subtest: lexer rejects unterminated strings
ok 225 - lexer rejects unterminated strings
  ---
  duration_ms: 0.461185
  type: 'test'
  ...
# Subtest: top-level split respects parentheses and quoted commas
ok 226 - top-level split respects parentheses and quoted commas
  ---
  duration_ms: 0.632153
  type: 'test'
  ...
# Subtest: logical lines preserve continuation source mapping
ok 227 - logical lines preserve continuation source mapping
  ---
  duration_ms: 0.428836
  type: 'test'
  ...
# Subtest: comments do not corrupt quoted apostrophes
ok 228 - comments do not corrupt quoted apostrophes
  ---
  duration_ms: 1.880003
  type: 'test'
  ...
# Subtest: compiler reports missing End If
ok 229 - compiler reports missing End If
  ---
  duration_ms: 8.857588
  type: 'test'
  ...
# Subtest: compiler reports unsupported DLL declaration
ok 230 - compiler reports unsupported DLL declaration
  ---
  duration_ms: 0.753396
  type: 'test'
  ...
# Subtest: compiler rejects duplicate procedures
ok 231 - compiler rejects duplicate procedures
  ---
  duration_ms: 0.277959
  type: 'test'
  ...
# Subtest: source mapping is accurate after comments and blanks
ok 232 - source mapping is accurate after comments and blanks
  ---
  duration_ms: 1.984676
  type: 'test'
  ...
# Subtest: expression 1 + 2 * 3
ok 233 - expression 1 + 2 * 3
  ---
  duration_ms: 6.400305
  type: 'test'
  ...
# Subtest: expression 2 ^ 3 ^ 2
ok 234 - expression 2 ^ 3 ^ 2
  ---
  duration_ms: 2.083029
  type: 'test'
  ...
# Subtest: expression -2 ^ 2
ok 235 - expression -2 ^ 2
  ---
  duration_ms: 0.764532
  type: 'test'
  ...
# Subtest: expression (1 + 2) * 3
ok 236 - expression (1 + 2) * 3
  ---
  duration_ms: 0.954038
  type: 'test'
  ...
# Subtest: expression 7 \\ 2
ok 237 - expression 7 \\ 2
  ---
  duration_ms: 0.832063
  type: 'test'
  ...
# Subtest: expression 7 Mod 3
ok 238 - expression 7 Mod 3
  ---
  duration_ms: 0.943552
  type: 'test'
  ...
# Subtest: expression Not 1 = 2
ok 239 - expression Not 1 = 2
  ---
  duration_ms: 0.559934
  type: 'test'
  ...
# Subtest: expression True And False
ok 240 - expression True And False
  ---
  duration_ms: 1.02171
  type: 'test'
  ...
# Subtest: expression True Or False
ok 241 - expression True Or False
  ---
  duration_ms: 40.712054
  type: 'test'
  ...
# Subtest: expression 2 < 3
ok 242 - expression 2 < 3
  ---
  duration_ms: 0.974288
  type: 'test'
  ...
# Subtest: expression "a" & 2
ok 243 - expression "a" & 2
  ---
  duration_ms: 0.498891
  type: 'test'
  ...
# Subtest: expression "abc" Like "a*"
ok 244 - expression "abc" Like "a*"
  ---
  duration_ms: 0.837092
  type: 'test'
  ...
# Subtest: expression "a""b"
ok 245 - expression "a""b"
  ---
  duration_ms: 0.354344
  type: 'test'
  ...
# Subtest: expression &HFF + &O10
ok 246 - expression &HFF + &O10
  ---
  duration_ms: 0.418892
  type: 'test'
  ...
# Subtest: expression Empty + 5
ok 247 - expression Empty + 5
  ---
  duration_ms: 2.156239
  type: 'test'
  ...
# Subtest: expression Null & "x"
ok 248 - expression Null & "x"
  ---
  duration_ms: 0.396357
  type: 'test'
  ...
# Subtest: expression Null + 1
ok 249 - expression Null + 1
  ---
  duration_ms: 0.496357
  type: 'test'
  ...
# Subtest: expression 5 Xor 3
ok 250 - expression 5 Xor 3
  ---
  duration_ms: 1.117384
  type: 'test'
  ...
# Subtest: expression 5 Eqv 3
ok 251 - expression 5 Eqv 3
  ---
  duration_ms: 3.491583
  type: 'test'
  ...
# Subtest: expression True Imp False
ok 252 - expression True Imp False
  ---
  duration_ms: 1.480321
  type: 'test'
  ...
# Subtest: For loop is inclusive and preserves final control value
ok 253 - For loop is inclusive and preserves final control value
  ---
  duration_ms: 4.216534
  type: 'test'
  ...
# Subtest: negative For step and Exit For
ok 254 - negative For step and Exit For
  ---
  duration_ms: 7.021832
  type: 'test'
  ...
# Subtest: If ElseIf Else branches
ok 255 - If ElseIf Else branches
  ---
  duration_ms: 1.024393
  type: 'test'
  ...
# Subtest: single-line If supports colon statements and Else
ok 256 - single-line If supports colon statements and Else
  ---
  duration_ms: 0.514145
  type: 'test'
  ...
# Subtest: Do While and Loop Until
ok 257 - Do While and Loop Until
  ---
  duration_ms: 0.778643
  type: 'test'
  ...
# Subtest: While Wend
ok 258 - While Wend
  ---
  duration_ms: 14.756158
  type: 'test'
  ...
# Subtest: Select Case ranges and relational cases
ok 259 - Select Case ranges and relational cases
  ---
  duration_ms: 1.441602
  type: 'test'
  ...
# Subtest: functions recurse and return typed values
ok 260 - functions recurse and return typed values
  ---
  duration_ms: 2.002317
  type: 'test'
  ...
# Subtest: ByRef changes caller, ByVal does not
ok 261 - ByRef changes caller, ByVal does not
  ---
  duration_ms: 2.977266
  type: 'test'
  ...
# Subtest: optional parameters and ParamArray
ok 262 - optional parameters and ParamArray
  ---
  duration_ms: 0.904934
  type: 'test'
  ...
# Subtest: Static local persists between invocations
ok 263 - Static local persists between invocations
  ---
  duration_ms: 0.478571
  type: 'test'
  ...
# Subtest: Option Explicit catches missing variable at execution
ok 264 - Option Explicit catches missing variable at execution
  ---
  duration_ms: 0.613715
  type: 'test'
  ...
# Subtest: Integer overflow is caught
ok 265 - Integer overflow is caught
  ---
  duration_ms: 0.540194
  type: 'test'
  ...
# Subtest: Option Compare Text applies to comparison
ok 266 - Option Compare Text applies to comparison
  ---
  duration_ms: 0.402307
  type: 'test'
  ...
# Subtest: typed multidimensional arrays and bounds
ok 267 - typed multidimensional arrays and bounds
  ---
  duration_ms: 36.183469
  type: 'test'
  ...
# Subtest: ReDim Preserve retains elements
ok 268 - ReDim Preserve retains elements
  ---
  duration_ms: 4.574874
  type: 'test'
  ...
# Subtest: For Each over an Array
ok 269 - For Each over an Array
  ---
  duration_ms: 2.038723
  type: 'test'
  ...
# Subtest: Collection uses one-based indices and keyed access
ok 270 - Collection uses one-based indices and keyed access
  ---
  duration_ms: 1.101881
  type: 'test'
  ...
# Subtest: Dictionary supports indexed assignment
ok 271 - Dictionary supports indexed assignment
  ---
  duration_ms: 2.812287
  type: 'test'
  ...
# Subtest: With member access updates objects
ok 272 - With member access updates objects
  ---
  duration_ms: 8.808354
  type: 'test'
  ...
# Subtest: class fields, initialization, methods and property accessors
ok 273 - class fields, initialization, methods and property accessors
  ---
  duration_ms: 2.450994
  type: 'test'
  ...
# Subtest: On Error Resume Next sets Err and resumes caller
ok 274 - On Error Resume Next sets Err and resumes caller
  ---
  duration_ms: 0.773215
  type: 'test'
  ...
# Subtest: On Error GoTo and Resume Next
ok 275 - On Error GoTo and Resume Next
  ---
  duration_ms: 1.039646
  type: 'test'
  ...
# Subtest: GoSub and Return
ok 276 - GoSub and Return
  ---
  duration_ms: 0.742028
  type: 'test'
  ...
# Subtest: Err.Raise participates in error handling
ok 277 - Err.Raise participates in error handling
  ---
  duration_ms: 0.773395
  type: 'test'
  ...
# Subtest: sequential text files round-trip in isolated virtual filesystem
ok 278 - sequential text files round-trip in isolated virtual filesystem
  ---
  duration_ms: 2.093886
  type: 'test'
  ...
# Subtest: Write/Input CSV round-trip strings and numbers
ok 279 - Write/Input CSV round-trip strings and numbers
  ---
  duration_ms: 0.984924
  type: 'test'
  ...
# Subtest: Scripting FileSystemObject text stream
ok 280 - Scripting FileSystemObject text stream
  ---
  duration_ms: 2.401339
  type: 'test'
  ...
# Subtest: in-memory Recordset fields and navigation
ok 281 - in-memory Recordset fields and navigation
  ---
  duration_ms: 5.650105
  type: 'test'
  ...
# Subtest: prototype escape is rejected
ok 282 - prototype escape is rejected
  ---
  duration_ms: 0.956601
  type: 'test'
  ...
# Subtest: infinite loops terminate at an instruction budget
ok 283 - infinite loops terminate at an instruction budget
  ---
  duration_ms: 23.53666
  type: 'test'
  ...
# Subtest: breakpoint pauses at source line before side effects, then steps
ok 284 - breakpoint pauses at source line before side effects, then steps
  ---
  duration_ms: 4.312599
  type: 'test'
  ...
# Subtest: banker rounding and typed ranges
ok 285 - banker rounding and typed ranges
  ---
  duration_ms: 0.175895
  type: 'test'
  ...
# Subtest: Currency stores a scaled integer
ok 286 - Currency stores a scaled integer
  ---
  duration_ms: 0.376216
  type: 'test'
  ...
# Subtest: ReDim Preserve disallows first-dimension changes
ok 287 - ReDim Preserve disallows first-dimension changes
  ---
  duration_ms: 0.214283
  type: 'test'
  ...
# Subtest: virtual filesystem normalizes traversal within its own root
ok 288 - virtual filesystem normalizes traversal within its own root
  ---
  duration_ms: 0.107502
  type: 'test'
  ...
# Subtest: builtin Left$("hello", 2)
ok 289 - builtin Left$("hello", 2)
  ---
  duration_ms: 0.719995
  type: 'test'
  ...
# Subtest: builtin Right$("hello", 2)
ok 290 - builtin Right$("hello", 2)
  ---
  duration_ms: 0.579243
  type: 'test'
  ...
# Subtest: builtin Mid$("hello", 2, 3)
ok 291 - builtin Mid$("hello", 2, 3)
  ---
  duration_ms: 25.458707
  type: 'test'
  ...
# Subtest: builtin Replace("a-b-a", "a", "x")
ok 292 - builtin Replace("a-b-a", "a", "x")
  ---
  duration_ms: 0.719054
  type: 'test'
  ...
# Subtest: builtin Join(Split("a,b,c", ","), "|")
ok 293 - builtin Join(Split("a,b,c", ","), "|")
  ---
  duration_ms: 0.725964
  type: 'test'
  ...
# Subtest: builtin InStr(2, "banana", "an")
ok 294 - builtin InStr(2, "banana", "an")
  ---
  duration_ms: 8.388331
  type: 'test'
  ...
# Subtest: builtin StrComp("A", "a", vbTextCompare)
ok 295 - builtin StrComp("A", "a", vbTextCompare)
  ---
  duration_ms: 0.620115
  type: 'test'
  ...
# Subtest: builtin Format$(12.5, "0.00")
ok 296 - builtin Format$(12.5, "0.00")
  ---
  duration_ms: 4.81103
  type: 'test'
  ...
# Subtest: builtin Format$(0.25, "0%")
ok 297 - builtin Format$(0.25, "0%")
  ---
  duration_ms: 0.794848
  type: 'test'
  ...
# Subtest: builtin RGB(255, 128, 0)
ok 298 - builtin RGB(255, 128, 0)
  ---
  duration_ms: 0.665663
  type: 'test'
  ...
# Subtest: builtin CInt(2.5)
ok 299 - builtin CInt(2.5)
  ---
  duration_ms: 0.515206
  type: 'test'
  ...
# Subtest: builtin CInt(3.5)
ok 300 - builtin CInt(3.5)
  ---
  duration_ms: 0.475066
  type: 'test'
  ...
# Subtest: builtin Month(DateSerial(2024, 2, 29))
ok 301 - builtin Month(DateSerial(2024, 2, 29))
  ---
  duration_ms: 5.462902
  type: 'test'
  ...
# Subtest: builtin Day(DateAdd("m", 1, DateSerial(2024, 1, 31)))
ok 302 - builtin Day(DateAdd("m", 1, DateSerial(2024, 1, 31)))
  ---
  duration_ms: 0.594245
  type: 'test'
  ...
# Subtest: builtin DateDiff("d", DateSerial(2024, 1, 1), DateSerial(2024, 1, 4))
ok 303 - builtin DateDiff("d", DateSerial(2024, 1, 1), DateSerial(2024, 1, 4))
  ---
  duration_ms: 0.566554
  type: 'test'
  ...
# Subtest: builtin Len("hello")
ok 304 - builtin Len("hello")
  ---
  duration_ms: 0.39205
  type: 'test'
  ...
# Subtest: builtin Asc("A")
ok 305 - builtin Asc("A")
  ---
  duration_ms: 0.343137
  type: 'test'
  ...
# Subtest: builtin Chr$(65)
ok 306 - builtin Chr$(65)
  ---
  duration_ms: 0.46412
  type: 'test'
  ...
# Subtest: builtin Hex$(255)
ok 307 - builtin Hex$(255)
  ---
  duration_ms: 0.481656
  type: 'test'
  ...
# Subtest: builtin Val(" 12.3 apples")
ok 308 - builtin Val(" 12.3 apples")
  ---
  duration_ms: 4.184717
  type: 'test'
  ...
# Subtest: WithEvents dispatches synchronously in connection order with shared ByRef arguments
ok 309 - WithEvents dispatches synchronously in connection order with shared ByRef arguments
  ---
  duration_ms: 2.82013
  type: 'test'
  ...
# Subtest: WithEvents detaches on Nothing and reassignment
ok 310 - WithEvents detaches on Nothing and reassignment
  ---
  duration_ms: 8.617146
  type: 'test'
  ...
# Subtest: WithEvents rejects standard module and procedure declarations
ok 311 - WithEvents rejects standard module and procedure declarations
  ---
  duration_ms: 0.436418
  type: 'test'
  ...
# Subtest: WithEvents rejects arrays and As New
ok 312 - WithEvents rejects arrays and As New
  ---
  duration_ms: 0.280933
  type: 'test'
  ...
# Subtest: RaiseEvent rejects undeclared events
ok 313 - RaiseEvent rejects undeclared events
  ---
  duration_ms: 0.762159
  type: 'test'
  ...
# Subtest: modal forms wait for a queued close handler before resuming the caller
ok 314 - modal forms wait for a queued close handler before resuming the caller
  ---
  duration_ms: 37.08022
  type: 'test'
  ...
# Subtest: nested modal forms preserve execution order and unwind the complete stack
ok 315 - nested modal forms preserve execution order and unwind the complete stack
  ---
  duration_ms: 35.445285
  type: 'test'
  ...
# Subtest: Forms collection includes loaded forms and newly constructed instances
ok 316 - Forms collection includes loaded forms and newly constructed instances
  ---
  duration_ms: 1.06176
  type: 'test'
  ...
# Subtest: QueryUnload cancellation leaves the form loaded and visible
ok 317 - QueryUnload cancellation leaves the form loaded and visible
  ---
  duration_ms: 0.571441
  type: 'test'
  ...
# Subtest: DoEvents pumps queued handlers while an enclosing VB procedure is active
ok 318 - DoEvents pumps queued handlers while an enclosing VB procedure is active
  ---
  duration_ms: 1.383515
  type: 'test'
  ...
# Subtest: native object implementation fields stay private; public case-collision APIs remain callable
ok 319 - native object implementation fields stay private; public case-collision APIs remain callable
  ---
  duration_ms: 2.964348
  type: 'test'
  ...
# Subtest: sample normalizes and compiles: orders
ok 320 - sample normalizes and compiles: orders
  ---
  duration_ms: 17.977922
  type: 'test'
  ...
# Subtest: sample normalizes and compiles: calculator
ok 321 - sample normalizes and compiles: calculator
  ---
  duration_ms: 5.690766
  type: 'test'
  ...
# Subtest: sample normalizes and compiles: clock
ok 322 - sample normalizes and compiles: clock
  ---
  duration_ms: 0.647285
  type: 'test'
  ...
# Subtest: sample normalizes and compiles: graphics
ok 323 - sample normalizes and compiles: graphics
  ---
  duration_ms: 0.865625
  type: 'test'
  ...
# Subtest: sample normalizes and compiles: data
ok 324 - sample normalizes and compiles: data
  ---
  duration_ms: 1.533431
  type: 'test'
  ...
# Subtest: sample normalizes and compiles: controls
ok 325 - sample normalizes and compiles: controls
  ---
  duration_ms: 0.780446
  type: 'test'
  ...
# Subtest: sample normalizes and compiles: language
ok 326 - sample normalizes and compiles: language
  ---
  duration_ms: 1.269763
  type: 'test'
  ...
# Subtest: sample normalizes and compiles: events
ok 327 - sample normalizes and compiles: events
  ---
  duration_ms: 1.519059
  type: 'test'
  ...
# Subtest: sample normalizes and compiles: richtext
ok 328 - sample normalizes and compiles: richtext
  ---
  duration_ms: 1.292668
  type: 'test'
  ...
# Subtest: sample normalizes and compiles: compatibility
ok 329 - sample normalizes and compiles: compatibility
  ---
  duration_ms: 2.240727
  type: 'test'
  ...
# Subtest: project normalization does not mutate original values
ok 330 - project normalization does not mutate original values
  ---
  duration_ms: 0.216406
  type: 'test'
  ...
# Subtest: project rejects future schema and missing modules
ok 331 - project rejects future schema and missing modules
  ---
  duration_ms: 0.412502
  type: 'test'
  ...
# Subtest: project rejects duplicate and invalid module names
ok 332 - project rejects duplicate and invalid module names
  ---
  duration_ms: 0.210918
  type: 'test'
  ...
# Subtest: project repairs duplicate object IDs
ok 333 - project repairs duplicate object IDs
  ---
  duration_ms: 0.146361
  type: 'test'
  ...
# Subtest: project accepts distinct control-array indices and rejects duplicate indices
ok 334 - project accepts distinct control-array indices and rejects duplicate indices
  ---
  duration_ms: 0.236957
  type: 'test'
  ...
# Subtest: project rejects cycles, missing parents and invalid bounds
ok 335 - project rejects cycles, missing parents and invalid bounds
  ---
  duration_ms: 0.373694
  type: 'test'
  ...
# Subtest: all offered control types have serializable models
ok 336 - all offered control types have serializable models
  ---
  duration_ms: 0.479553
  type: 'test'
  ...
# Subtest: FRM values preserve apostrophes, quotes, comments, hex and resource offsets
ok 337 - FRM values preserve apostrophes, quotes, comments, hex and resource offsets
  ---
  duration_ms: 0.462027
  type: 'test'
  ...
# Subtest: native FRM round-trip preserves code, nested parent, fonts and menus
ok 338 - native FRM round-trip preserves code, nested parent, fonts and menus
  ---
  duration_ms: 1.877048
  type: 'test'
  ...
# Subtest: FRM missing End is diagnosed instead of silently truncating
ok 339 - FRM missing End is diagnosed instead of silently truncating
  ---
  duration_ms: 0.241845
  type: 'test'
  ...
# Subtest: VBP round-trip preserves startup, module and class file memberships
ok 340 - VBP round-trip preserves startup, module and class file memberships
  ---
  duration_ms: 0.508706
  type: 'test'
  ...
# Subtest: class source import strips wrapper and attributes without dropping code
ok 341 - class source import strips wrapper and attributes without dropping code
  ---
  duration_ms: 0.313473
  type: 'test'
  ...
# Subtest: lossless browser-project export/import keeps control state and assets
ok 342 - lossless browser-project export/import keeps control state and assets
  ---
  duration_ms: 1.10139
  type: 'test'
  ...
# Subtest: native-style source bundle imports and diagnoses unavailable references
ok 343 - native-style source bundle imports and diagnoses unavailable references
  ---
  duration_ms: 1.236534
  type: 'test'
  ...
# Subtest: missing VBP member has an explicit diagnostic
ok 344 - missing VBP member has an explicit diagnostic
  ---
  duration_ms: 0.608638
  type: 'test'
  ...
# Subtest: legacy Windows-1252 source is decoded with an explicit warning
ok 345 - legacy Windows-1252 source is decoded with an explicit warning
  ---
  duration_ms: 0.603019
  type: 'test'
  ...
# Subtest: ZIP STORE round-trip supports binary bytes and UTF-8 names
ok 346 - ZIP STORE round-trip supports binary bytes and UTF-8 names
  ---
  duration_ms: 1.120438
  type: 'test'
  ...
# Subtest: ZIP CRC matches the published CRC32 check value
ok 347 - ZIP CRC matches the published CRC32 check value
  ---
  duration_ms: 0.073241
  type: 'test'
  ...
# Subtest: ZIP rejects path traversal, drive and absolute names
ok 348 - ZIP rejects path traversal, drive and absolute names
  ---
  duration_ms: 0.239251
  type: 'test'
  ...
# Subtest: ZIP rejects corrupted payload and declared expansion limit
ok 349 - ZIP rejects corrupted payload and declared expansion limit
  ---
  duration_ms: 0.907688
  type: 'test'
  ...
# Subtest: ZIP accepts raw DEFLATE files produced by another implementation
ok 350 - ZIP accepts raw DEFLATE files produced by another implementation
  ---
  duration_ms: 50.960147
  type: 'test'
  ...
# Subtest: HTML exporter embeds source safely without script injection
ok 351 - HTML exporter embeds source safely without script injection
  ---
  duration_ms: 5.194908
  type: 'test'
  ...
# Subtest: HTML exporter rejects syntax errors instead of shipping a broken application
ok 352 - HTML exporter rejects syntax errors instead of shipping a broken application
  ---
  duration_ms: 0.34534
  type: 'test'
  ...
# Subtest: HTML exporter has no external script or style dependencies
ok 353 - HTML exporter has no external script or style dependencies
  ---
  duration_ms: 1.266188
  type: 'test'
  ...
# Subtest: syntax highlighting escapes HTML while preserving VB strings and comments
ok 354 - syntax highlighting escapes HTML while preserving VB strings and comments
  ---
  duration_ms: 0.442116
  type: 'test'
  ...
# Subtest: rename handles identifiers and event prefixes but preserves strings/comments
ok 355 - rename handles identifiers and event prefixes but preserves strings/comments
  ---
  duration_ms: 0.287763
  type: 'test'
  ...
# Subtest: procedure index retains source line numbers
ok 356 - procedure index retains source line numbers
  ---
  duration_ms: 0.300483
  type: 'test'
  ...
# Subtest: formatter correctly indents nested Select Case and If branches
ok 357 - formatter correctly indents nested Select Case and If branches
  ---
  duration_ms: 0.726054
  type: 'test'
  ...
# Subtest: undo/redo snapshots remain immutable and discard redo after branching
ok 358 - undo/redo snapshots remain immutable and discard redo after branching
  ---
  duration_ms: 1.584908
  type: 'test'
  ...
# Subtest: source undo records only changed source, coalesces edits and composes with snapshots
ok 359 - source undo records only changed source, coalesces edits and composes with snapshots
  ---
  duration_ms: 0.255795
  type: 'test'
  ...
# Subtest: history honors count and approximate byte budgets
ok 360 - history honors count and approximate byte budgets
  ---
  duration_ms: 0.133912
  type: 'test'
  ...
# Subtest: signals unsubscribe listeners
ok 361 - signals unsubscribe listeners
  ---
  duration_ms: 0.1191
  type: 'test'
  ...
# Subtest: TreeView collection supports ordered nodes, expansion, removal and deep trees
ok 362 - TreeView collection supports ordered nodes, expansion, removal and deep trees
  ---
  duration_ms: 1153.260424
  type: 'test'
  ...
# Subtest: ListView item mutation notifies and preserves indexed subitems
ok 363 - ListView item mutation notifies and preserves indexed subitems
  ---
  duration_ms: 0.395386
  type: 'test'
  ...
# Subtest: ControlArray reports sparse bounds and delegates Load and Unload
ok 364 - ControlArray reports sparse bounds and delegates Load and Unload
  ---
  duration_ms: 0.285179
  type: 'test'
  ...
# Subtest: project normalization preserves stable IDs across repeated loads
ok 365 - project normalization preserves stable IDs across repeated loads
  ---
  duration_ms: 0.754908
  type: 'test'
  ...
# Subtest: exported generator and runtime version match the release package
ok 366 - exported generator and runtime version match the release package
  ---
  duration_ms: 1.191606
  type: 'test'
  ...
# Subtest: UDT assignment copies fields and fixed-length strings
ok 367 - UDT assignment copies fields and fixed-length strings
  ---
  duration_ms: 22.307187
  type: 'test'
  ...
# Subtest: nested UDTs and fixed member arrays are copied independently
ok 368 - nested UDTs and fixed member arrays are copied independently
  ---
  duration_ms: 3.392752
  type: 'test'
  ...
# Subtest: record assignment preserves existing ByRef field references
ok 369 - record assignment preserves existing ByRef field references
  ---
  duration_ms: 1.652751
  type: 'test'
  ...
# Subtest: record assignment preserves nested field aliases
ok 370 - record assignment preserves nested field aliases
  ---
  duration_ms: 2.695353
  type: 'test'
  ...
# Subtest: record arrays allocate independent typed elements and copy element assignments
ok 371 - record arrays allocate independent typed elements and copy element assignments
  ---
  duration_ms: 2.195338
  type: 'test'
  ...
# Subtest: dynamic record arrays preserve old fields and initialize only new elements
ok 372 - dynamic record arrays preserve old fields and initialize only new elements
  ---
  duration_ms: 3.046591
  type: 'test'
  ...
# Subtest: Erase resets fixed arrays of UDTs without losing field types
ok 373 - Erase resets fixed arrays of UDTs without losing field types
  ---
  duration_ms: 1.485158
  type: 'test'
  ...
# Subtest: fixed-length string arrays preserve declared width after assignments and Erase
ok 374 - fixed-length string arrays preserve declared width after assignments and Erase
  ---
  duration_ms: 1.739762
  type: 'test'
  ...
# Subtest: dynamic array assignment copies values and bounds
ok 375 - dynamic array assignment copies values and bounds
  ---
  duration_ms: 1.321402
  type: 'test'
  ...
# Subtest: Variant array assignment has independent contents
ok 376 - Variant array assignment has independent contents
  ---
  duration_ms: 2.964127
  type: 'test'
  ...
# Subtest: ByVal Variant array arguments operate on a value copy
ok 377 - ByVal Variant array arguments operate on a value copy
  ---
  duration_ms: 0.722358
  type: 'test'
  ...
# Subtest: ByRef arrays continue to share typed array elements
ok 378 - ByRef arrays continue to share typed array elements
  ---
  duration_ms: 0.705353
  type: 'test'
  ...
# Subtest: UDT functions return typed zero-initialized storage and copied records
ok 379 - UDT functions return typed zero-initialized storage and copied records
  ---
  duration_ms: 1.826483
  type: 'test'
  ...
# Subtest: ByVal record and typed array declarations are diagnosed, but ParamArray is valid
ok 380 - ByVal record and typed array declarations are diagnosed, but ParamArray is valid
  ---
  duration_ms: 0.443619
  type: 'test'
  ...
# Subtest: ByRef UDT mismatches fail rather than changing an unrelated record
ok 381 - ByRef UDT mismatches fail rather than changing an unrelated record
  ---
  duration_ms: 0.772354
  type: 'test'
  ...
# Subtest: UDT assignments reject different record types and scalars
ok 382 - UDT assignments reject different record types and scalars
  ---
  duration_ms: 3.06567
  type: 'test'
  ...
# Subtest: fixed-size array whole assignments and redimensioning fail explicitly
ok 383 - fixed-size array whole assignments and redimensioning fail explicitly
  ---
  duration_ms: 2.884938
  type: 'test'
  ...
# Subtest: typed array assignments reject incompatible element types
ok 384 - typed array assignments reject incompatible element types
  ---
  duration_ms: 0.583209
  type: 'test'
  ...
# Subtest: ReDim failure leaves bounds and data unchanged
ok 385 - ReDim failure leaves bounds and data unchanged
  ---
  duration_ms: 0.284218
  type: 'test'
  ...
# Subtest: cloning array values does not clone actual object references
ok 386 - cloning array values does not clone actual object references
  ---
  duration_ms: 0.476638
  type: 'test'
  ...
# Subtest: copying malformed same-name records is atomic
ok 387 - copying malformed same-name records is atomic
  ---
  duration_ms: 0.285971
  type: 'test'
  ...
# Subtest: UDTs are values, not assignable Object references
ok 388 - UDTs are values, not assignable Object references
  ---
  duration_ms: 0.103116
  type: 'test'
  ...
# Subtest: arrays of UDTs encode and decode as typed records with no spurious descriptors
ok 389 - arrays of UDTs encode and decode as typed records with no spurious descriptors
  ---
  duration_ms: 2.568821
  type: 'test'
  ...
# Subtest: Random arrays of UDTs retain descriptors and element factories
ok 390 - Random arrays of UDTs retain descriptors and element factories
  ---
  duration_ms: 8.14225
  type: 'test'
  ...
# Subtest: records with fixed-length string arrays use raw fixed-width bytes
ok 391 - records with fixed-length string arrays use raw fixed-width bytes
  ---
  duration_ms: 1.191926
  type: 'test'
  ...
# Subtest: array rank and Long subscript bounds are checked before allocation
ok 392 - array rank and Long subscript bounds are checked before allocation
  ---
  duration_ms: 0.246702
  type: 'test'
  ...
# Subtest: multidimensional array enumeration visits the first dimension fastest
ok 393 - multidimensional array enumeration visits the first dimension fastest
  ---
  duration_ms: 0.163486
  type: 'test'
  ...
# Subtest: IsObject excludes Currency and record values but includes Nothing references
ok 394 - IsObject excludes Currency and record values but includes Nothing references
  ---
  duration_ms: 0.986486
  type: 'test'
  ...
# Subtest: FRX text8 round-trip decodes Windows-1252 text
ok 395 - FRX text8 round-trip decodes Windows-1252 text
  ---
  duration_ms: 9.472825
  type: 'test'
  ...
# Subtest: FRX text16 round-trip decodes Windows-1252 text
ok 396 - FRX text16 round-trip decodes Windows-1252 text
  ---
  duration_ms: 0.832154
  type: 'test'
  ...
# Subtest: FRX text32 round-trip decodes Windows-1252 text
ok 397 - FRX text32 round-trip decodes Windows-1252 text
  ---
  duration_ms: 0.223287
  type: 'test'
  ...
# Subtest: FRX text writers upgrade undersized headers
ok 398 - FRX text writers upgrade undersized headers
  ---
  duration_ms: 44.35946
  type: 'test'
  ...
# Subtest: FRX pictures preserve byte layout, exact length, and raster bytes
ok 399 - FRX pictures preserve byte layout, exact length, and raster bytes
  ---
  duration_ms: 4.861806
  type: 'test'
  ...
# Subtest: FRX list records retain empty entries, extended characters and signature
ok 400 - FRX list records retain empty entries, extended characters and signature
  ---
  duration_ms: 0.440103
  type: 'test'
  ...
# Subtest: FRX rejects overrun, mismatched length, and malformed lists without unsafe reads
ok 401 - FRX rejects overrun, mismatched length, and malformed lists without unsafe reads
  ---
  duration_ms: 0.70347
  type: 'test'
  ...
# Subtest: FRX rejects invalid offsets and unsafe embedded URLs
ok 402 - FRX rejects invalid offsets and unsafe embedded URLs
  ---
  duration_ms: 0.450719
  type: 'test'
  ...
# Subtest: FRX DIB records become valid BMP wrappers with palette offset
ok 403 - FRX DIB records become valid BMP wrappers with palette offset
  ---
  duration_ms: 0.460103
  type: 'test'
  ...
# Subtest: resource references preserve dollar-text prefix and escaped names
ok 404 - resource references preserve dollar-text prefix and escaped names
  ---
  duration_ms: 0.754186
  type: 'test'
  ...
# Subtest: project paths resolve relative and case-insensitive references without ambiguity
ok 405 - project paths resolve relative and case-insensitive references without ambiguity
  ---
  duration_ms: 2.134186
  type: 'test'
  ...
# Subtest: project paths reject traversal outside the root and absolute targets
ok 406 - project paths reject traversal outside the root and absolute targets
  ---
  duration_ms: 0.313763
  type: 'test'
  ...
# Subtest: FRX import hydrates text and preserves native bytes/reference on unchanged export
ok 407 - FRX import hydrates text and preserves native bytes/reference on unchanged export
  ---
  duration_ms: 7.27283
  type: 'test'
  ...
# Subtest: edited FRX text appends a new record and leaves every original byte unchanged
ok 408 - edited FRX text appends a new record and leaves every original byte unchanged
  ---
  duration_ms: 1.408502
  type: 'test'
  ...
# Subtest: FRX List edits do not mutate the resource baseline or lose native export
ok 409 - FRX List edits do not mutate the resource baseline or lose native export
  ---
  duration_ms: 1.192607
  type: 'test'
  ...
# Subtest: FRX pictures hydrate as offline data URLs and survive exact native round-trip
ok 410 - FRX pictures hydrate as offline data URLs and survive exact native round-trip
  ---
  duration_ms: 0.561366
  type: 'test'
  ...
# Subtest: unknown resource records remain opaque with useful diagnostics and unmodified bytes
ok 411 - unknown resource records remain opaque with useful diagnostics and unmodified bytes
  ---
  duration_ms: 2.532327
  type: 'test'
  ...
# Subtest: missing and corrupt FRX records produce warnings rather than corrupting source metadata
ok 412 - missing and corrupt FRX records produce warnings rather than corrupting source metadata
  ---
  duration_ms: 0.645322
  type: 'test'
  ...
# Subtest: native export writes newly designed multiline text, list and picture FRX entries
ok 413 - native export writes newly designed multiline text, list and picture FRX entries
  ---
  duration_ms: 3.704052
  type: 'test'
  ...
# Subtest: import respects VBP membership, native nested paths and raw metadata
ok 414 - import respects VBP membership, native nested paths and raw metadata
  ---
  duration_ms: 0.894007
  type: 'test'
  ...
# Subtest: native source retains module/member attributes and class header options
ok 415 - native source retains module/member attributes and class header options
  ---
  duration_ms: 0.883471
  type: 'test'
  ...
# Subtest: FRM nested property groups and OCX declarations survive serialization
ok 416 - FRM nested property groups and OCX declarations survive serialization
  ---
  duration_ms: 0.408506
  type: 'test'
  ...
# Subtest: legacy native source exports in its original Windows-1252 encoding
ok 417 - legacy native source exports in its original Windows-1252 encoding
  ---
  duration_ms: 0.713095
  type: 'test'
  ...
# Subtest: case-only duplicate paths are rejected before interpretation
ok 418 - case-only duplicate paths are rejected before interpretation
  ---
  duration_ms: 0.353643
  type: 'test'
  ...
# Subtest: resource aggregate preserves multiple adjacent records and offsets
ok 419 - resource aggregate preserves multiple adjacent records and offsets
  ---
  duration_ms: 0.237157
  type: 'test'
  ...
# Subtest: RTF preserves original byte characters while unchanged
ok 420 - RTF preserves original byte characters while unchanged
  ---
  duration_ms: 6.966398
  type: 'test'
  ...
# Subtest: RTF Unicode fallbacks, signed surrogates, CRLF and tabs preserve UTF-16 indices
ok 421 - RTF Unicode fallbacks, signed surrogates, CRLF and tabs preserve UTF-16 indices
  ---
  duration_ms: 0.534115
  type: 'test'
  ...
# Subtest: RTF nested group formatting restores the enclosing character state
ok 422 - RTF nested group formatting restores the enclosing character state
  ---
  duration_ms: 0.41774
  type: 'test'
  ...
# Subtest: RTF multiple fallback bytes and escaped fallback symbols are skipped exactly
ok 423 - RTF multiple fallback bytes and escaped fallback symbols are skipped exactly
  ---
  duration_ms: 0.249035
  type: 'test'
  ...
# Subtest: RTF font table default, font switching, Unicode font names and plain reset
ok 424 - RTF font table default, font switching, Unicode font names and plain reset
  ---
  duration_ms: 0.537761
  type: 'test'
  ...
# Subtest: RTF color table, half point sizes, strike, underline and hidden text
ok 425 - RTF color table, half point sizes, strike, underline and hidden text
  ---
  duration_ms: 0.672283
  type: 'test'
  ...
# Subtest: RTF paragraph alignment and indentation restore with pard
ok 426 - RTF paragraph alignment and indentation restore with pard
  ---
  duration_ms: 0.184227
  type: 'test'
  ...
# Subtest: RTF Windows-1251, Shift-JIS and font-level charsets decode contiguous bytes
ok 427 - RTF Windows-1251, Shift-JIS and font-level charsets decode contiguous bytes
  ---
  duration_ms: 0.376827
  type: 'test'
  ...
# Subtest: RTF unknown destinations and OLE/binary groups cannot become active content
ok 428 - RTF unknown destinations and OLE/binary groups cannot become active content
  ---
  duration_ms: 1.474853
  type: 'test'
  ...
# Subtest: RTF unsupported structures remain warned, and failure to export is not destructive
ok 429 - RTF unsupported structures remain warned, and failure to export is not destructive
  ---
  duration_ms: 0.595107
  type: 'test'
  ...
# Subtest: RTF rejects invalid header without running content
ok 430 - RTF rejects invalid header without running content
  ---
  duration_ms: 0.216977
  type: 'test'
  ...
# Subtest: RTF rejects invalid unclosed without running content
ok 431 - RTF rejects invalid unclosed without running content
  ---
  duration_ms: 0.123386
  type: 'test'
  ...
# Subtest: RTF rejects invalid extra without running content
ok 432 - RTF rejects invalid extra without running content
  ---
  duration_ms: 0.117457
  type: 'test'
  ...
# Subtest: RTF rejects invalid roots without running content
ok 433 - RTF rejects invalid roots without running content
  ---
  duration_ms: 0.730691
  type: 'test'
  ...
# Subtest: RTF rejects invalid suffix without running content
ok 434 - RTF rejects invalid suffix without running content
  ---
  duration_ms: 0.101944
  type: 'test'
  ...
# Subtest: RTF rejects invalid hex without running content
ok 435 - RTF rejects invalid hex without running content
  ---
  duration_ms: 0.092078
  type: 'test'
  ...
# Subtest: RTF rejects invalid binary without running content
ok 436 - RTF rejects invalid binary without running content
  ---
  duration_ms: 0.063746
  type: 'test'
  ...
# Subtest: RTF rejects invalid unicode without running content
ok 437 - RTF rejects invalid unicode without running content
  ---
  duration_ms: 0.061893
  type: 'test'
  ...
# Subtest: RTF rejects invalid fallback without running content
ok 438 - RTF rejects invalid fallback without running content
  ---
  duration_ms: 0.129035
  type: 'test'
  ...
# Subtest: RTF rejects invalid size without running content
ok 439 - RTF rejects invalid size without running content
  ---
  duration_ms: 0.070646
  type: 'test'
  ...
# Subtest: RTF rejects invalid color without running content
ok 440 - RTF rejects invalid color without running content
  ---
  duration_ms: 0.069024
  type: 'test'
  ...
# Subtest: RTF rejects invalid codepage without running content
ok 441 - RTF rejects invalid codepage without running content
  ---
  duration_ms: 0.210057
  type: 'test'
  ...
# Subtest: RTF group nesting and source size limits reject unbounded input
ok 442 - RTF group nesting and source size limits reject unbounded input
  ---
  duration_ms: 0.532532
  type: 'test'
  ...
# Subtest: Rich text CRLF normalization happens at input, not during range slicing
ok 443 - Rich text CRLF normalization happens at input, not during range slicing
  ---
  duration_ms: 0.223827
  type: 'test'
  ...
# Subtest: Rich text insertion, removal and formatting keep adjacent styles and merge runs
ok 444 - Rich text insertion, removal and formatting keep adjacent styles and merge runs
  ---
  duration_ms: 0.291339
  type: 'test'
  ...
# Subtest: Rich text range and length errors leave the document unchanged
ok 445 - Rich text range and length errors leave the document unchanged
  ---
  duration_ms: 2.3954
  type: 'test'
  ...
# Subtest: Rich text paragraph formatting uses full paragraphs without touching the next boundary
ok 446 - Rich text paragraph formatting uses full paragraphs without touching the next boundary
  ---
  duration_ms: 0.399131
  type: 'test'
  ...
# Subtest: Rich text empty and final empty paragraph formatting survives RTF export
ok 447 - Rich text empty and final empty paragraph formatting survives RTF export
  ---
  duration_ms: 0.410629
  type: 'test'
  ...
# Subtest: Rich text snapshot restores text, formatting, original RTF, tail style and warnings
ok 448 - Rich text snapshot restores text, formatting, original RTF, tail style and warnings
  ---
  duration_ms: 0.218439
  type: 'test'
  ...
# Subtest: RTF edited writer round-trips Unicode, escaping and every supported style
ok 449 - RTF edited writer round-trips Unicode, escaping and every supported style
  ---
  duration_ms: 13.682409
  type: 'test'
  ...
# Subtest: RTF writer is deterministic over independently constructed equal runs
ok 450 - RTF writer is deterministic over independently constructed equal runs
  ---
  duration_ms: 0.390919
  type: 'test'
  ...
# Subtest: RichTextBox constants match file types, alignment and search bit flags
ok 451 - RichTextBox constants match file types, alignment and search bit flags
  ---
  duration_ms: 0.478231
  type: 'test'
  ...
# Subtest: DateAdd year clamps 2024-02-29 1
ok 452 - DateAdd year clamps 2024-02-29 1
  ---
  duration_ms: 6.548148
  type: 'test'
  ...
# Subtest: DateAdd year clamps 2024-02-29 -4
ok 453 - DateAdd year clamps 2024-02-29 -4
  ---
  duration_ms: 0.401996
  type: 'test'
  ...
# Subtest: DateAdd year clamps 2024-01-31 1
ok 454 - DateAdd year clamps 2024-01-31 1
  ---
  duration_ms: 0.173752
  type: 'test'
  ...
# Subtest: DateAdd m 2024-01-31 1
ok 455 - DateAdd m 2024-01-31 1
  ---
  duration_ms: 0.134092
  type: 'test'
  ...
# Subtest: DateAdd m 2023-03-31 -1
ok 456 - DateAdd m 2023-03-31 -1
  ---
  duration_ms: 0.181653
  type: 'test'
  ...
# Subtest: DateAdd q 2024-11-30 1
ok 457 - DateAdd q 2024-11-30 1
  ---
  duration_ms: 4.303585
  type: 'test'
  ...
# Subtest: DateAdd d 2024-02-28 1
ok 458 - DateAdd d 2024-02-28 1
  ---
  duration_ms: 0.249105
  type: 'test'
  ...
# Subtest: DateAdd w 2024-02-28 1
ok 459 - DateAdd w 2024-02-28 1
  ---
  duration_ms: 0.091728
  type: 'test'
  ...
# Subtest: DateAdd rounds amount ties-to-even
ok 460 - DateAdd rounds amount ties-to-even
  ---
  duration_ms: 1.323695
  type: 'test'
  ...
# Subtest: DateDiff counts yyyy boundaries
ok 461 - DateDiff counts yyyy boundaries
  ---
  duration_ms: 0.458952
  type: 'test'
  ...
# Subtest: DateDiff counts q boundaries
ok 462 - DateDiff counts q boundaries
  ---
  duration_ms: 0.130807
  type: 'test'
  ...
# Subtest: DateDiff counts m boundaries
ok 463 - DateDiff counts m boundaries
  ---
  duration_ms: 0.060832
  type: 'test'
  ...
# Subtest: DateDiff counts d boundaries
ok 464 - DateDiff counts d boundaries
  ---
  duration_ms: 0.097617
  type: 'test'
  ...
# Subtest: DateDiff counts h boundaries
ok 465 - DateDiff counts h boundaries
  ---
  duration_ms: 0.058939
  type: 'test'
  ...
# Subtest: DateDiff counts n boundaries
ok 466 - DateDiff counts n boundaries
  ---
  duration_ms: 0.134632
  type: 'test'
  ...
# Subtest: DateDiff counts s boundaries
ok 467 - DateDiff counts s boundaries
  ---
  duration_ms: 0.066139
  type: 'test'
  ...
# Subtest: DateDiff weekday is distinct from calendar week
ok 468 - DateDiff weekday is distinct from calendar week
  ---
  duration_ms: 0.100211
  type: 'test'
  ...
# Subtest: DatePart all supported intervals
ok 469 - DatePart all supported intervals
  ---
  duration_ms: 0.231018
  type: 'test'
  ...
# Subtest: DatePart week rules handle previous-year first days
ok 470 - DatePart week rules handle previous-year first days
  ---
  duration_ms: 0.087942
  type: 'test'
  ...
# Subtest: OLE DATE fractional conversion -1.25
ok 471 - OLE DATE fractional conversion -1.25
  ---
  duration_ms: 0.134212
  type: 'test'
  ...
# Subtest: OLE DATE fractional conversion -2.5
ok 472 - OLE DATE fractional conversion -2.5
  ---
  duration_ms: 0.052279
  type: 'test'
  ...
# Subtest: OLE DATE fractional conversion -0.5
ok 473 - OLE DATE fractional conversion -0.5
  ---
  duration_ms: 0.040582
  type: 'test'
  ...
# Subtest: OLE DATE fractional conversion 0
ok 474 - OLE DATE fractional conversion 0
  ---
  duration_ms: 0.057837
  type: 'test'
  ...
# Subtest: OLE DATE fractional conversion 2.25
ok 475 - OLE DATE fractional conversion 2.25
  ---
  duration_ms: 0.083616
  type: 'test'
  ...
# Subtest: OLE dates at year 100/9999 boundaries and overflow
ok 476 - OLE dates at year 100/9999 boundaries and overflow
  ---
  duration_ms: 0.457119
  type: 'test'
  ...
# Subtest: DateSerial rollover and TimeSerial normalization
ok 477 - DateSerial rollover and TimeSerial normalization
  ---
  duration_ms: 0.161834
  type: 'test'
  ...
# Subtest: time-only CDate uses OLE epoch and AM/PM
ok 478 - time-only CDate uses OLE epoch and AM/PM
  ---
  duration_ms: 0.329667
  type: 'test'
  ...
# Subtest: Weekday and localized-name defaults have bounded arguments
ok 479 - Weekday and localized-name defaults have bounded arguments
  ---
  duration_ms: 28.279376
  type: 'test'
  ...
# Subtest: Date conversion rejects invalid civil dates without normalizing them
ok 480 - Date conversion rejects invalid civil dates without normalizing them
  ---
  duration_ms: 0.371971
  type: 'test'
  ...
# Subtest: civil calculations work across Warsaw daylight-saving boundary
ok 481 - civil calculations work across Warsaw daylight-saving boundary
  ---
  duration_ms: 70.95116
  type: 'test'
  ...
# Subtest: date literals and source functions use civil date parsing
ok 482 - date literals and source functions use civil date parsing
  ---
  duration_ms: 33.060411
  type: 'test'
  ...
# Subtest: calendar named arguments and week constants
ok 483 - calendar named arguments and week constants
  ---
  duration_ms: 65.431642
  type: 'test'
  ...
# Subtest: IsDate and IsNumeric reject Null/Nothing/Error
ok 484 - IsDate and IsNumeric reject Null/Nothing/Error
  ---
  duration_ms: 8.774463
  type: 'test'
  ...
# Subtest: CVErr remains a Variant Error with explicit conversions
ok 485 - CVErr remains a Variant Error with explicit conversions
  ---
  duration_ms: 6.876944
  type: 'test'
  ...
# Subtest: implicit Error conversion rejects String
ok 486 - implicit Error conversion rejects String
  ---
  duration_ms: 0.169496
  type: 'test'
  ...
# Subtest: implicit Error conversion rejects Long
ok 487 - implicit Error conversion rejects Long
  ---
  duration_ms: 0.105449
  type: 'test'
  ...
# Subtest: implicit Error conversion rejects Integer
ok 488 - implicit Error conversion rejects Integer
  ---
  duration_ms: 0.072549
  type: 'test'
  ...
# Subtest: implicit Error conversion rejects Double
ok 489 - implicit Error conversion rejects Double
  ---
  duration_ms: 0.054592
  type: 'test'
  ...
# Subtest: implicit Error conversion rejects Date
ok 490 - implicit Error conversion rejects Date
  ---
  duration_ms: 0.105008
  type: 'test'
  ...
# Subtest: implicit Error conversion rejects Object
ok 491 - implicit Error conversion rejects Object
  ---
  duration_ms: 0.056135
  type: 'test'
  ...
# Subtest: Error arithmetic and comparisons reject implicit coercion
ok 492 - Error arithmetic and comparisons reject implicit coercion
  ---
  duration_ms: 0.429307
  type: 'test'
  ...
# Subtest: CVErr range and integral rounding
ok 493 - CVErr range and integral rounding
  ---
  duration_ms: 0.185259
  type: 'test'
  ...
# Subtest: Error variants survive typed binary Get/Put
ok 494 - Error variants survive typed binary Get/Put
  ---
  duration_ms: 0.6704
  type: 'test'
  ...
# Subtest: negative fractional dates survive typed binary Get/Put
ok 495 - negative fractional dates survive typed binary Get/Put
  ---
  duration_ms: 0.181614
  type: 'test'
  ...
# Subtest: CallByName dispatches methods, fields and indexed properties
ok 496 - CallByName dispatches methods, fields and indexed properties
  ---
  duration_ms: 13.573695
  type: 'test'
  ...
# Subtest: CallByName vbSet preserves identity and Nothing
ok 497 - CallByName vbSet preserves identity and Nothing
  ---
  duration_ms: 17.975038
  type: 'test'
  ...
# Subtest: CallByName native dictionary methods and indexed property
ok 498 - CallByName native dictionary methods and indexed property
  ---
  duration_ms: 5.026205
  type: 'test'
  ...
# Subtest: strict dispatch rejects Debug.Print b.hidden
ok 499 - strict dispatch rejects Debug.Print b.hidden
  ---
  duration_ms: 8.374791
  type: 'test'
  ...
# Subtest: strict dispatch rejects b.hidden = 3
ok 500 - strict dispatch rejects b.hidden = 3
  ---
  duration_ms: 6.227224
  type: 'test'
  ...
# Subtest: strict dispatch rejects Debug.Print b.Secret()
ok 501 - strict dispatch rejects Debug.Print b.Secret()
  ---
  duration_ms: 1.381032
  type: 'test'
  ...
# Subtest: strict dispatch rejects Debug.Print CallByName(b, "hidden", vbGet)
ok 502 - strict dispatch rejects Debug.Print CallByName(b, "hidden", vbGet)
  ---
  duration_ms: 4.429365
  type: 'test'
  ...
# Subtest: strict dispatch rejects Debug.Print CallByName(b, "Secret", vbMethod)
ok 503 - strict dispatch rejects Debug.Print CallByName(b, "Secret", vbMethod)
  ---
  duration_ms: 1.089412
  type: 'test'
  ...
# Subtest: strict dispatch rejects CallByName b, "Missing", vbLet, 2
ok 504 - strict dispatch rejects CallByName b, "Missing", vbLet, 2
  ---
  duration_ms: 7.109564
  type: 'test'
  ...
# Subtest: strict dispatch rejects CallByName b, "Value", vbMethod
ok 505 - strict dispatch rejects CallByName b, "Value", vbMethod
  ---
  duration_ms: 0.853846
  type: 'test'
  ...
# Subtest: strict dispatch rejects CallByName b, "Multiply", vbGet, 2
ok 506 - strict dispatch rejects CallByName b, "Multiply", vbGet, 2
  ---
  duration_ms: 0.841408
  type: 'test'
  ...
# Subtest: strict dispatch rejects CallByName b, "Value", 99, 1
ok 507 - strict dispatch rejects CallByName b, "Value", 99, 1
  ---
  duration_ms: 0.910712
  type: 'test'
  ...
# Subtest: strict dispatch rejects CallByName b, "Child", vbSet, 2
ok 508 - strict dispatch rejects CallByName b, "Child", vbSet, 2
  ---
  duration_ms: 4.577648
  type: 'test'
  ...
# Subtest: strict dispatch rejects CallByName b, "Child", vbLet, 2
ok 509 - strict dispatch rejects CallByName b, "Child", vbLet, 2
  ---
  duration_ms: 1.298687
  type: 'test'
  ...
# Subtest: strict dispatch rejects CallByName b, "Value", vbGet, 2
ok 510 - strict dispatch rejects CallByName b, "Value", vbGet, 2
  ---
  duration_ms: 1.213248
  type: 'test'
  ...
# Subtest: strict dispatch rejects Debug.Print CallByName(Nothing,"X",vbGet)
ok 511 - strict dispatch rejects Debug.Print CallByName(Nothing,"X",vbGet)
  ---
  duration_ms: 5.339427
  type: 'test'
  ...
# Subtest: strict dispatch rejects Debug.Print CallByName(3,"X",vbGet)
ok 512 - strict dispatch rejects Debug.Print CallByName(3,"X",vbGet)
  ---
  duration_ms: 3.24466
  type: 'test'
  ...
# Subtest: strict dispatch rejects Debug.Print CallByName(b,"constructor",vbMethod)
ok 513 - strict dispatch rejects Debug.Print CallByName(b,"constructor",vbMethod)
  ---
  duration_ms: 1.097695
  type: 'test'
  ...
# Subtest: strict dispatch rejects Debug.Print CallByName(b,"__proto__",vbGet)
ok 514 - strict dispatch rejects Debug.Print CallByName(b,"__proto__",vbGet)
  ---
  duration_ms: 4.009933
  type: 'test'
  ...
# Subtest: strict dispatch rejects Debug.Print CallByName(b,"_runtime",vbGet)
ok 515 - strict dispatch rejects Debug.Print CallByName(b,"_runtime",vbGet)
  ---
  duration_ms: 1.163804
  type: 'test'
  ...
# Subtest: Private module fields are invisible across modules
ok 516 - Private module fields are invisible across modules
  ---
  duration_ms: 0.794482
  type: 'test'
  ...
# Subtest: Public module fields remain accessible
ok 517 - Public module fields remain accessible
  ---
  duration_ms: 3.449634
  type: 'test'
  ...
# Subtest: same class code can access Private fields of peer instances
ok 518 - same class code can access Private fields of peer instances
  ---
  duration_ms: 0.976221
  type: 'test'
  ...
# Subtest: Error variants cannot be truth values
ok 519 - Error variants cannot be truth values
  ---
  duration_ms: 0.7629
  type: 'test'
  ...
# Subtest: TypeOf rejects Variant Error rather than treating it as an object
ok 520 - TypeOf rejects Variant Error rather than treating it as an object
  ---
  duration_ms: 0.585602
  type: 'test'
  ...
# Subtest: indexed private property setter cannot bypass public getter visibility
ok 521 - indexed private property setter cannot bypass public getter visibility
  ---
  duration_ms: 1.888205
  type: 'test'
  ...
# Subtest: three named deterministic palettes; no unsafe theme identifiers
ok 522 - three named deterministic palettes; no unsafe theme identifiers
  ---
  duration_ms: 1.6194
  type: 'test'
  ...
# Subtest: Win32 system colors resolve all 31 slots in each palette
ok 523 - Win32 system colors resolve all 31 slots in each palette
  ---
  duration_ms: 0.784823
  type: 'test'
  ...
# Subtest: signed and unsigned OLE system colors resolve identically
ok 524 - signed and unsigned OLE system colors resolve identically
  ---
  duration_ms: 0.192501
  type: 'test'
  ...
# Subtest: authored RGB literals do not change between themes
ok 525 - authored RGB literals do not change between themes
  ---
  duration_ms: 2.691977
  type: 'test'
  ...
# Subtest: DOM colors reference semantic system variables; invalid values use fallback
ok 526 - DOM colors reference semantic system variables; invalid values use fallback
  ---
  duration_ms: 0.338129
  type: 'test'
  ...
# Subtest: font fallback preserves locally installed MS Sans Serif rather than replacing it with Arial
ok 527 - font fallback preserves locally installed MS Sans Serif rather than replacing it with Arial
  ---
  duration_ms: 0.353472
  type: 'test'
  ...
# Subtest: appearance input is allow-listed and classic defaults hide modern document/debug tabs
ok 528 - appearance input is allow-listed and classic defaults hide modern document/debug tabs
  ---
  duration_ms: 0.3716
  type: 'test'
  ...
# Subtest: all intrinsic and extended toolbox entries have font-independent glyphs
ok 529 - all intrinsic and extended toolbox entries have font-independent glyphs
  ---
  duration_ms: 0.245179
  type: 'test'
  ...
# Subtest: Currency exact decimal 922337203685477.5807
ok 530 - Currency exact decimal 922337203685477.5807
  ---
  duration_ms: 1.263484
  type: 'test'
  ...
# Subtest: Currency exact decimal -922337203685477.5808
ok 531 - Currency exact decimal -922337203685477.5808
  ---
  duration_ms: 0.176526
  type: 'test'
  ...
# Subtest: Currency exact decimal 0.0001
ok 532 - Currency exact decimal 0.0001
  ---
  duration_ms: 0.108373
  type: 'test'
  ...
# Subtest: Currency exact decimal -0.0001
ok 533 - Currency exact decimal -0.0001
  ---
  duration_ms: 0.077146
  type: 'test'
  ...
# Subtest: Currency exact decimal 123456789012345.1234
ok 534 - Currency exact decimal 123456789012345.1234
  ---
  duration_ms: 0.069294
  type: 'test'
  ...
# Subtest: Currency exact decimal 0
ok 535 - Currency exact decimal 0
  ---
  duration_ms: 0.091397
  type: 'test'
  ...
# Subtest: Currency exact decimal 1.23
ok 536 - Currency exact decimal 1.23
  ---
  duration_ms: 0.118349
  type: 'test'
  ...
# Subtest: Currency decimal rounding 1.23445
ok 537 - Currency decimal rounding 1.23445
  ---
  duration_ms: 0.123456
  type: 'test'
  ...
# Subtest: Currency decimal rounding 1.23455
ok 538 - Currency decimal rounding 1.23455
  ---
  duration_ms: 0.237238
  type: 'test'
  ...
# Subtest: Currency decimal rounding -1.23445
ok 539 - Currency decimal rounding -1.23445
  ---
  duration_ms: 0.342456
  type: 'test'
  ...
# Subtest: Currency decimal rounding -1.23455
ok 540 - Currency decimal rounding -1.23455
  ---
  duration_ms: 0.123637
  type: 'test'
  ...
# Subtest: Currency decimal rounding 1.23456e2
ok 541 - Currency decimal rounding 1.23456e2
  ---
  duration_ms: 0.05332
  type: 'test'
  ...
# Subtest: Currency decimal rounding .00005
ok 542 - Currency decimal rounding .00005
  ---
  duration_ms: 0.049094
  type: 'test'
  ...
# Subtest: Currency decimal rounding .00015
ok 543 - Currency decimal rounding .00015
  ---
  duration_ms: 0.038508
  type: 'test'
  ...
# Subtest: Currency rejects both range overflows
ok 544 - Currency rejects both range overflows
  ---
  duration_ms: 0.37117
  type: 'test'
  ...
# Subtest: Currency multiplication retains integer precision and ties to even
ok 545 - Currency multiplication retains integer precision and ties to even
  ---
  duration_ms: 0.46478
  type: 'test'
  ...
# Subtest: Currency comparisons distinguish adjacent units at the upper range
ok 546 - Currency comparisons distinguish adjacent units at the upper range
  ---
  duration_ms: 0.128674
  type: 'test'
  ...
# Subtest: Currency unary and checked arithmetic do not silently overflow
ok 547 - Currency unary and checked arithmetic do not silently overflow
  ---
  duration_ms: 0.15928
  type: 'test'
  ...
# Subtest: Currency literals and library functions execute without IEEE conversion
ok 548 - Currency literals and library functions execute without IEEE conversion
  ---
  duration_ms: 18.322841
  type: 'test'
  ...
# Subtest: Null concatenation and implication have explicit three-valued results
ok 549 - Null concatenation and implication have explicit three-valued results
  ---
  duration_ms: 0.128854
  type: 'test'
  ...
# Subtest: Nothing is distinct from Null, Empty, and non-object operands
ok 550 - Nothing is distinct from Null, Empty, and non-object operands
  ---
  duration_ms: 2.790235
  type: 'test'
  ...
# Subtest: As New is lazy, aliases retain objects and Nothing triggers recreation
ok 551 - As New is lazy, aliases retain objects and Nothing triggers recreation
  ---
  duration_ms: 3.577792
  type: 'test'
  ...
# Subtest: fixed strings pad and truncate at assignments
ok 552 - fixed strings pad and truncate at assignments
  ---
  duration_ms: 0.937132
  type: 'test'
  ...
# Subtest: conditional compilation skips unavailable native code and preserves lines
ok 553 - conditional compilation skips unavailable native code and preserves lines
  ---
  duration_ms: 1.972082
  type: 'test'
  ...
# Subtest: project conditional constants and nested dead branches
ok 554 - project conditional constants and nested dead branches
  ---
  duration_ms: 0.682168
  type: 'test'
  ...
# Subtest: conditional structure rejects \#Else
ok 555 - conditional structure rejects \#Else
  ---
  duration_ms: 0.135664
  type: 'test'
  ...
# Subtest: conditional structure rejects \#End If
ok 556 - conditional structure rejects \#End If
  ---
  duration_ms: 0.066601
  type: 'test'
  ...
# Subtest: conditional structure rejects \#If True Then
ok 557 - conditional structure rejects \#If True Then
  ---
  duration_ms: 0.125098
  type: 'test'
  ...
# Subtest: conditional structure rejects \#If True Then / \#Else / \#Else / \#End If
ok 558 - conditional structure rejects \#If True Then / \#Else / \#Else / \#End If
  ---
  duration_ms: 0.08661
  type: 'test'
  ...
# Subtest: conditional structure rejects \#If Now() Then / \#End If
ok 559 - conditional structure rejects \#If Now() Then / \#End If
  ---
  duration_ms: 0.111708
  type: 'test'
  ...
# Subtest: MDI geometry: clamp negative origin
ok 560 - MDI geometry: clamp negative origin
  ---
  duration_ms: 1.363765
  type: 'test'
  ...
# Subtest: MDI geometry: clamp oversized bounds
ok 561 - MDI geometry: clamp oversized bounds
  ---
  duration_ms: 0.098819
  type: 'test'
  ...
# Subtest: MDI geometry: respect normal minimums
ok 562 - MDI geometry: respect normal minimums
  ---
  duration_ms: 0.204888
  type: 'test'
  ...
# Subtest: MDI geometry: fit very narrow workspace
ok 563 - MDI geometry: fit very narrow workspace
  ---
  duration_ms: 0.077026
  type: 'test'
  ...
# Subtest: MDI geometry: round stable pixel bounds
ok 564 - MDI geometry: round stable pixel bounds
  ---
  duration_ms: 0.120261
  type: 'test'
  ...
# Subtest: MDI tiled children can be smaller than manual resize minimum
ok 565 - MDI tiled children can be smaller than manual resize minimum
  ---
  duration_ms: 0.222476
  type: 'test'
  ...
# Subtest: scroll thumb endpoints, middle, and short tracks
ok 566 - scroll thumb endpoints, middle, and short tracks
  ---
  duration_ms: 0.213352
  type: 'test'
  ...
# Subtest: scroll reversed and negative ranges preserve direction
ok 567 - scroll reversed and negative ranges preserve direction
  ---
  duration_ms: 0.162605
  type: 'test'
  ...
# Subtest: scroll thumb clamps out-of-range values and handles an empty range
ok 568 - scroll thumb clamps out-of-range values and handles an empty range
  ---
  duration_ms: 0.270698
  type: 'test'
  ...
# Subtest: MsgBox flag combinations: return codes, symbols and default button
ok 569 - MsgBox flag combinations: return codes, symbols and default button
  ---
  duration_ms: 0.454305
  type: 'test'
  ...
# Subtest: MsgBox Cancel handling is not invented for Yes/No or Abort/Retry/Ignore
ok 570 - MsgBox Cancel handling is not invented for Yes/No or Abort/Retry/Ignore
  ---
  duration_ms: 0.218229
  type: 'test'
  ...
# Subtest: MsgBox flags clamp the default index and preserve RTL/alignment requests
ok 571 - MsgBox flags clamp the default index and preserve RTL/alignment requests
  ---
  duration_ms: 0.085939
  type: 'test'
  ...
# Subtest: property numbers: signed OLE colors, decimal, RGB notation and finite validation
ok 572 - property numbers: signed OLE colors, decimal, RGB notation and finite validation
  ---
  duration_ms: 0.465392
  type: 'test'
  ...
# Subtest: new default control colors adapt without changing authored RGB colors
ok 573 - new default control colors adapt without changing authored RGB colors
  ---
  duration_ms: 0.401275
  type: 'test'
  ...
# Subtest: restricted bundler supports local export lists and relative aliases
ok 574 - restricted bundler supports local export lists and relative aliases
  ---
  duration_ms: 3.108394
  type: 'test'
  ...
1..574
# tests 574
# suites 0
# pass 574
# fail 0
# cancelled 0
# skipped 0
# todo 0
# duration_ms 2365.156489
