
> vb6-studio-web@0.5.0 test
> node --test tests/*.test.mjs

TAP version 13
# Subtest: bundler rejects missing named exports before emitting undefined imports
ok 1 - bundler rejects missing named exports before emitting undefined imports
  ---
  duration_ms: 3.307319
  type: 'test'
  ...
# Subtest: bundler validates aliased names against the original export
ok 2 - bundler validates aliased names against the original export
  ---
  duration_ms: 1.945845
  type: 'test'
  ...
# Subtest: bundler rejects malformed bindings
ok 3 - bundler rejects malformed bindings
  ---
  duration_ms: 0.718935
  type: 'test'
  ...
# Subtest: bundler still rejects circular relative dependencies
ok 4 - bundler still rejects circular relative dependencies
  ---
  duration_ms: 0.72263
  type: 'test'
  ...
# Subtest: bundler rejects external imports and export-star declarations
ok 5 - bundler rejects external imports and export-star declarations
  ---
  duration_ms: 0.817153
  type: 'test'
  ...
# Subtest: bundler validates local export lists, async functions and shared dependencies
ok 6 - bundler validates local export lists, async functions and shared dependencies
  ---
  duration_ms: 1.626453
  type: 'test'
  ...
# Subtest: named colon-equals is not split as statement separator
ok 7 - named colon-equals is not split as statement separator
  ---
  duration_ms: 2.337146
  type: 'test'
  ...
# Subtest: named arguments reordered and optional omitted without comma
ok 8 - named arguments reordered and optional omitted without comma
  ---
  duration_ms: 13.811073
  type: 'test'
  ...
# Subtest: statement named arguments, continuation and single line If
ok 9 - statement named arguments, continuation and single line If
  ---
  duration_ms: 3.415793
  type: 'test'
  ...
# Subtest: omitted argument differs from explicitly passed Empty
ok 10 - omitted argument differs from explicitly passed Empty
  ---
  duration_ms: 2.79115
  type: 'test'
  ...
# Subtest: Empty required argument is a supplied value
ok 11 - Empty required argument is a supplied value
  ---
  duration_ms: 1.154862
  type: 'test'
  ...
# Subtest: default expressions use declaring module, not caller shadowing
ok 12 - default expressions use declaring module, not caller shadowing
  ---
  duration_ms: 1.943041
  type: 'test'
  ...
# Subtest: modifier words inside optional string literals are preserved
ok 13 - modifier words inside optional string literals are preserved
  ---
  duration_ms: 2.411287
  type: 'test'
  ...
# Subtest: typed optional without default is not missing
ok 14 - typed optional without default is not missing
  ---
  duration_ms: 0.987801
  type: 'test'
  ...
# Subtest: Missing forwards as omitted and Empty forwards as supplied
ok 15 - Missing forwards as omitted and Empty forwards as supplied
  ---
  duration_ms: 1.681046
  type: 'test'
  ...
# Subtest: ParamArray is never missing and empty array bounds are defined
ok 16 - ParamArray is never missing and empty array bounds are defined
  ---
  duration_ms: 2.174521
  type: 'test'
  ...
# Subtest: named ByRef binds the original variable
ok 17 - named ByRef binds the original variable
  ---
  duration_ms: 2.902599
  type: 'test'
  ...
# Subtest: parenthesized named ByRef passes a temporary
ok 18 - parenthesized named ByRef passes a temporary
  ---
  duration_ms: 1.068201
  type: 'test'
  ...
# Subtest: named arguments evaluate once in source order before binding
ok 19 - named arguments evaluate once in source order before binding
  ---
  duration_ms: 1.681557
  type: 'test'
  ...
# Subtest: rejects invalid argument binding: Take(a:="a", a:="b")
ok 20 - rejects invalid argument binding: Take(a:="a", a:="b")
  ---
  duration_ms: 1.329836
  type: 'test'
  ...
# Subtest: rejects invalid argument binding: Take("a", a:="b")
ok 21 - rejects invalid argument binding: Take("a", a:="b")
  ---
  duration_ms: 0.946468
  type: 'test'
  ...
# Subtest: rejects invalid argument binding: Take(noSuch:="a")
ok 22 - rejects invalid argument binding: Take(noSuch:="a")
  ---
  duration_ms: 2.011434
  type: 'test'
  ...
# Subtest: rejects invalid argument binding: Take(c:="c", "a")
ok 23 - rejects invalid argument binding: Take(c:="c", "a")
  ---
  duration_ms: 0.904865
  type: 'test'
  ...
# Subtest: rejects invalid argument binding: Take(, 1)
ok 24 - rejects invalid argument binding: Take(, 1)
  ---
  duration_ms: 0.910203
  type: 'test'
  ...
# Subtest: rejects invalid argument binding: Take()
ok 25 - rejects invalid argument binding: Take()
  ---
  duration_ms: 1.837371
  type: 'test'
  ...
# Subtest: builtin named arguments use published names
ok 26 - builtin named arguments use published names
  ---
  duration_ms: 1.772985
  type: 'test'
  ...
# Subtest: String-returning intrinsics support $ spelling
ok 27 - String-returning intrinsics support $ spelling
  ---
  duration_ms: 2.119197
  type: 'test'
  ...
# Subtest: Variant string functions propagate Null but $ form rejects it
ok 28 - Variant string functions propagate Null but $ form rejects it
  ---
  duration_ms: 1.348073
  type: 'test'
  ...
# Subtest: static locals are per instance and per procedure
ok 29 - static locals are per instance and per procedure
  ---
  duration_ms: 2.68468
  type: 'test'
  ...
# Subtest: As New replacement has fresh static locals
ok 30 - As New replacement has fresh static locals
  ---
  duration_ms: 1.417498
  type: 'test'
  ...
# Subtest: TypeOf handles class references, Nothing and native collections
ok 31 - TypeOf handles class references, Nothing and native collections
  ---
  duration_ms: 1.550038
  type: 'test'
  ...
# Subtest: TypeOf rejects scalar values
ok 32 - TypeOf rejects scalar values
  ---
  duration_ms: 0.888931
  type: 'test'
  ...
# Subtest: qualified New object creation
ok 33 - qualified New object creation
  ---
  duration_ms: 1.31922
  type: 'test'
  ...
# Subtest: Mid assignment updates only destination span and preserves length
ok 34 - Mid assignment updates only destination span and preserves length
  ---
  duration_ms: 1.180621
  type: 'test'
  ...
# Subtest: LSet and RSet pad to destination length
ok 35 - LSet and RSet pad to destination length
  ---
  duration_ms: 1.066519
  type: 'test'
  ...
# Subtest: Mid supports array destinations
ok 36 - Mid supports array destinations
  ---
  duration_ms: 1.591962
  type: 'test'
  ...
# Subtest: invalid Mid position is rejected: Mid(s, 0) = "x"
ok 37 - invalid Mid position is rejected: Mid(s, 0) = "x"
  ---
  duration_ms: 3.114007
  type: 'test'
  ...
# Subtest: invalid Mid position is rejected: Mid(s, 1, -1) = "x"
ok 38 - invalid Mid position is rejected: Mid(s, 1, -1) = "x"
  ---
  duration_ms: 0.633396
  type: 'test'
  ...
# Subtest: invalid procedure signature: Sub Bad(Optional x, y)
ok 39 - invalid procedure signature: Sub Bad(Optional x, y)
  ---
  duration_ms: 0.217248
  type: 'test'
  ...
# Subtest: invalid procedure signature: Sub Bad(x, x)
ok 40 - invalid procedure signature: Sub Bad(x, x)
  ---
  duration_ms: 0.146
  type: 'test'
  ...
# Subtest: invalid procedure signature: Sub Bad(ParamArray x As Variant)
ok 41 - invalid procedure signature: Sub Bad(ParamArray x As Variant)
  ---
  duration_ms: 0.133451
  type: 'test'
  ...
# Subtest: invalid procedure signature: Sub Bad(ParamArray x() As Variant, y)
ok 42 - invalid procedure signature: Sub Bad(ParamArray x() As Variant, y)
  ---
  duration_ms: 0.084437
  type: 'test'
  ...
# Subtest: invalid procedure signature: Sub Bad(x As Long = 4)
ok 43 - invalid procedure signature: Sub Bad(x As Long = 4)
  ---
  duration_ms: 0.080151
  type: 'test'
  ...
# Subtest: Missing cannot silently coerce to scalar
ok 44 - Missing cannot silently coerce to scalar
  ---
  duration_ms: 0.144958
  type: 'test'
  ...
# Subtest: Spin step respects positive increment and both bounds
ok 45 - Spin step respects positive increment and both bounds
  ---
  duration_ms: 0.641097
  type: 'test'
  ...
# Subtest: Spin wrapping includes reversed Min/Max endpoints
ok 46 - Spin wrapping includes reversed Min/Max endpoints
  ---
  duration_ms: 0.109746
  type: 'test'
  ...
# Subtest: Spin zero increment and non-finite values do not move
ok 47 - Spin zero increment and non-finite values do not move
  ---
  duration_ms: 0.163878
  type: 'test'
  ...
# Subtest: Element factory distinguishes ARIA/enumerated false from HTML boolean false
ok 48 - Element factory distinguishes ARIA/enumerated false from HTML boolean false
  ---
  duration_ms: 0.686175
  type: 'test'
  ...
# Subtest: command IDs are unique and defaults contain only public commands
ok 49 - command IDs are unique and defaults contain only public commands
  ---
  duration_ms: 2.143313
  type: 'test'
  ...
# Subtest: custom toolbar names, insertion and order are validated
ok 50 - custom toolbar names, insertion and order are validated
  ---
  duration_ms: 1.367183
  type: 'test'
  ...
# Subtest: built-in bars reset items without deleting visibility state
ok 51 - built-in bars reset items without deleting visibility state
  ---
  duration_ms: 0.335767
  type: 'test'
  ...
# Subtest: toolbar restore preserves floating/docking/custom order and is atomic
ok 52 - toolbar restore preserves floating/docking/custom order and is atomic
  ---
  duration_ms: 1.12721
  type: 'test'
  ...
# Subtest: missing default bars recover and geometry is bounded
ok 53 - missing default bars recover and geometry is bounded
  ---
  duration_ms: 0.312852
  type: 'test'
  ...
# Subtest: toolbar descriptor/size abuse is rejected
ok 54 - toolbar descriptor/size abuse is rejected
  ---
  duration_ms: 1.335985
  type: 'test'
  ...
# Subtest: disconnected field schemas enforce supported types, size and case-insensitive uniqueness
ok 55 - disconnected field schemas enforce supported types, size and case-insensitive uniqueness
  ---
  duration_ms: 3.180207
  type: 'test'
  ...
# Subtest: open, close and state transitions reject unsupported providers and cursor types
ok 56 - open, close and state transitions reject unsupported providers and cursor types
  ---
  duration_ms: 0.499294
  type: 'test'
  ...
# Subtest: typed numeric, Currency, Boolean and Date fields coerce and reject overflow atomically
ok 57 - typed numeric, Currency, Boolean and Date fields coerce and reject overflow atomically
  ---
  duration_ms: 1.710831
  type: 'test'
  ...
# Subtest: field edits are cancellable before Update and preserve OriginalValue
ok 58 - field edits are cancellable before Update and preserve OriginalValue
  ---
  duration_ms: 0.794158
  type: 'test'
  ...
# Subtest: CancelUpdate discards a new row and restores the previous current row
ok 59 - CancelUpdate discards a new row and restores the previous current row
  ---
  duration_ms: 0.449708
  type: 'test'
  ...
# Subtest: navigation commits pending edits and handles BOF/EOF without unbounded positions
ok 60 - navigation commits pending edits and handles BOF/EOF without unbounded positions
  ---
  duration_ms: 0.583591
  type: 'test'
  ...
# Subtest: Update field/value arrays validate all fields before any mutation
ok 61 - Update field/value arrays validate all fields before any mutation
  ---
  duration_ms: 0.447104
  type: 'test'
  ...
# Subtest: invalid AddNew field/value arrays do not commit or discard an existing edit
ok 62 - invalid AddNew field/value arrays do not commit or discard an existing edit
  ---
  duration_ms: 3.531136
  type: 'test'
  ...
# Subtest: AddNew with values commits immediately and uses typed Currency
ok 63 - AddNew with values commits immediately and uses typed Currency
  ---
  duration_ms: 1.149664
  type: 'test'
  ...
# Subtest: stable bookmarks survive sorting and edits but cannot access filtered or deleted rows
ok 64 - stable bookmarks survive sorting and edits but cannot access filtered or deleted rows
  ---
  duration_ms: 2.199678
  type: 'test'
  ...
# Subtest: sort is stable, typed, case-insensitive and supports bracketed field names
ok 65 - sort is stable, typed, case-insensitive and supports bracketed field names
  ---
  duration_ms: 1.237217
  type: 'test'
  ...
# Subtest: invalid sort preserves the previous sort, view and current row
ok 66 - invalid sort preserves the previous sort, view and current row
  ---
  duration_ms: 1.205578
  type: 'test'
  ...
# Subtest: criteria support quoted names, doubled apostrophes, Currency and flat AND/OR
ok 67 - criteria support quoted names, doubled apostrophes, Currency and flat AND/OR
  ---
  duration_ms: 1.001701
  type: 'test'
  ...
# Subtest: LIKE supports prefix and surrounding patterns without regex injection
ok 68 - LIKE supports prefix and surrounding patterns without regex injection
  ---
  duration_ms: 0.492964
  type: 'test'
  ...
# Subtest: invalid or unsupported filters are atomic, not silently approximated
ok 69 - invalid or unsupported filters are atomic, not silently approximated
  ---
  duration_ms: 0.86193
  type: 'test'
  ...
# Subtest: empty recordsets and zero matching rows have BOF and EOF set
ok 70 - empty recordsets and zero matching rows have BOF and EOF set
  ---
  duration_ms: 0.275766
  type: 'test'
  ...
# Subtest: read-only recordsets reject every write path
ok 71 - read-only recordsets reject every write path
  ---
  duration_ms: 0.2322
  type: 'test'
  ...
# Subtest: GetRows respects row limits, field selection, cursor advancement and empty results
ok 72 - GetRows respects row limits, field selection, cursor advancement and empty results
  ---
  duration_ms: 3.197053
  type: 'test'
  ...
# Subtest: data observers see lifecycle/edit/cancel events and disposal removes subscriptions
ok 73 - data observers see lifecycle/edit/cancel events and disposal removes subscriptions
  ---
  duration_ms: 0.388657
  type: 'test'
  ...
# Subtest: an observer exception cannot roll back committed changes or stop other observers
ok 74 - an observer exception cannot roll back committed changes or stop other observers
  ---
  duration_ms: 0.343297
  type: 'test'
  ...
# Subtest: binding API writes typed values and refuses stale, removed and filtered records
ok 75 - binding API writes typed values and refuses stale, removed and filtered records
  ---
  duration_ms: 0.568117
  type: 'test'
  ...
# Subtest: malicious field names do not alter JavaScript prototypes
ok 76 - malicious field names do not alter JavaScript prototypes
  ---
  duration_ms: 0.182045
  type: 'test'
  ...
# Subtest: repeated reads reuse the compiled view until data or filter changes
ok 77 - repeated reads reuse the compiled view until data or filter changes
  ---
  duration_ms: 0.295235
  type: 'test'
  ...
# Subtest: VB execution exercises typed field edits, CancelUpdate, filters and row arrays
ok 78 - VB execution exercises typed field edits, CancelUpdate, filters and row arrays
  ---
  duration_ms: 16.426028
  type: 'test'
  ...
# Subtest: safe watch arithmetic and intrinsics do not create implicit variables
ok 79 - safe watch arithmetic and intrinsics do not create implicit variables
  ---
  duration_ms: 16.123072
  type: 'test'
  ...
# Subtest: automatic watches do not invoke functions or properties
ok 80 - automatic watches do not invoke functions or properties
  ---
  duration_ms: 5.265323
  type: 'test'
  ...
# Subtest: lazy objects are displayed without construction
ok 81 - lazy objects are displayed without construction
  ---
  duration_ms: 3.240568
  type: 'test'
  ...
# Subtest: stored record and multidimensional array inspection is bounded
ok 82 - stored record and multidimensional array inspection is bounded
  ---
  duration_ms: 66.450169
  type: 'test'
  ...
# Subtest: typed edits preserve bounds and are atomic on failure
ok 83 - typed edits preserve bounds and are atomic on failure
  ---
  duration_ms: 1.655538
  type: 'test'
  ...
# Subtest: caller-frame inspection and editing do not change current frame
ok 84 - caller-frame inspection and editing do not change current frame
  ---
  duration_ms: 1.408825
  type: 'test'
  ...
# Subtest: constants and private cross-module fields are read-only
ok 85 - constants and private cross-module fields are read-only
  ---
  duration_ms: 1.518241
  type: 'test'
  ...
# Subtest: native getters and prototype paths are not executed
ok 86 - native getters and prototype paths are not executed
  ---
  duration_ms: 1.148643
  type: 'test'
  ...
# Subtest: watch expression length and recursion bounds reject abuse
ok 87 - watch expression length and recursion bounds reject abuse
  ---
  duration_ms: 1.438721
  type: 'test'
  ...
# Subtest: Run to Cursor pauses before the target without retaining a breakpoint
ok 88 - Run to Cursor pauses before the target without retaining a breakpoint
  ---
  duration_ms: 1.176605
  type: 'test'
  ...
# Subtest: Run to Cursor validates break mode and executable source
ok 89 - Run to Cursor validates break mode and executable source
  ---
  duration_ms: 0.786426
  type: 'test'
  ...
# Subtest: break-on-change watch triggers before the following statement
ok 90 - break-on-change watch triggers before the following statement
  ---
  duration_ms: 0.987029
  type: 'test'
  ...
# Subtest: break-when-true watch respects procedure context
ok 91 - break-when-true watch respects procedure context
  ---
  duration_ms: 1.01423
  type: 'test'
  ...
# Subtest: watchpoint configuration validates atomically
ok 92 - watchpoint configuration validates atomically
  ---
  duration_ms: 0.607277
  type: 'test'
  ...
# Subtest: unsafe breakpoint conditions never execute user procedures
ok 93 - unsafe breakpoint conditions never execute user procedures
  ---
  duration_ms: 1.258799
  type: 'test'
  ...
# Subtest: pause listeners can resume synchronously without a lost resolver
ok 94 - pause listeners can resume synchronously without a lost resolver
  ---
  duration_ms: 9.057268
  type: 'test'
  ...
# Subtest: active expression edit applies before the suspended instruction, retaining locals
ok 95 - active expression edit applies before the suspended instruction, retaining locals
  ---
  duration_ms: 6.122926
  type: 'test'
  ...
# Subtest: inserted comments remap breakpoints and current source without restarting
ok 96 - inserted comments remap breakpoints and current source without restarting
  ---
  duration_ms: 1.826906
  type: 'test'
  ...
# Subtest: invalid syntax rejects atomically and leaves the old code runnable
ok 97 - invalid syntax rejects atomically and leaves the old code runnable
  ---
  duration_ms: 1.255363
  type: 'test'
  ...
# Subtest: active topology and local type edits require restart without losing locals
ok 98 - active topology and local type edits require restart without losing locals
  ---
  duration_ms: 1.198598
  type: 'test'
  ...
# Subtest: module fields, signatures and deleted procedures are rejected atomically
ok 99 - module fields, signatures and deleted procedures are rejected atomically
  ---
  duration_ms: 4.550555
  type: 'test'
  ...
# Subtest: inactive procedure bodies can change control flow and new procedures can be added
ok 100 - inactive procedure bodies can change control flow and new procedures can be added
  ---
  duration_ms: 1.982711
  type: 'test'
  ...
# Subtest: edits update existing class instances and held procedure identities
ok 101 - edits update existing class instances and held procedure identities
  ---
  duration_ms: 2.031785
  type: 'test'
  ...
# Subtest: all suspended caller frames are validated, not only the top frame
ok 102 - all suspended caller frames are validated, not only the top frame
  ---
  duration_ms: 1.126349
  type: 'test'
  ...
# Subtest: Set Next Statement skips a pending statement in a straight-line region
ok 103 - Set Next Statement skips a pending statement in a straight-line region
  ---
  duration_ms: 1.577319
  type: 'test'
  ...
# Subtest: Set Next Statement can replay an assignment while retaining state
ok 104 - Set Next Statement can replay an assignment while retaining state
  ---
  duration_ms: 0.677942
  type: 'test'
  ...
# Subtest: Set Next Statement rejects cross-procedure, cross-module and loop-entry moves
ok 105 - Set Next Statement rejects cross-procedure, cross-module and loop-entry moves
  ---
  duration_ms: 0.710152
  type: 'test'
  ...
# Subtest: running non-paused frames cannot receive unsafe debugger mutations
ok 106 - running non-paused frames cannot receive unsafe debugger mutations
  ---
  duration_ms: 0.358631
  type: 'test'
  ...
# Subtest: diagnostics match execution compiler: valid source
ok 107 - diagnostics match execution compiler: valid source
  ---
  duration_ms: 4.338023
  type: 'test'
  ...
# Subtest: diagnostics match execution compiler: invalid procedure
ok 108 - diagnostics match execution compiler: invalid procedure
  ---
  duration_ms: 2.869268
  type: 'test'
  ...
# Subtest: diagnostics match execution compiler: duplicate module
ok 109 - diagnostics match execution compiler: duplicate module
  ---
  duration_ms: 0.627767
  type: 'test'
  ...
# Subtest: diagnostics match execution compiler: conditional compilation
ok 110 - diagnostics match execution compiler: conditional compilation
  ---
  duration_ms: 1.495116
  type: 'test'
  ...
# Subtest: diagnostics match execution compiler: cross-module record ByVal
ok 111 - diagnostics match execution compiler: cross-module record ByVal
  ---
  duration_ms: 1.33225
  type: 'test'
  ...
# Subtest: diagnostics match execution compiler: array ByVal
ok 112 - diagnostics match execution compiler: array ByVal
  ---
  duration_ms: 0.456519
  type: 'test'
  ...
# Subtest: diagnostics match execution compiler: two broken modules
ok 113 - diagnostics match execution compiler: two broken modules
  ---
  duration_ms: 1.49183
  type: 'test'
  ...
# Subtest: diagnostics cache reparses only changed source and prunes closed modules
ok 114 - diagnostics cache reparses only changed source and prunes closed modules
  ---
  duration_ms: 0.309106
  type: 'test'
  ...
# Subtest: diagnostics invalidates renamed modules, kinds, and conditional settings
ok 115 - diagnostics invalidates renamed modules, kinds, and conditional settings
  ---
  duration_ms: 0.627166
  type: 'test'
  ...
# Subtest: diagnostic cache keeps cross-module record checks fresh even on source cache hits
ok 116 - diagnostic cache keeps cross-module record checks fresh even on source cache hits
  ---
  duration_ms: 0.522688
  type: 'test'
  ...
# Subtest: compiler snapshot excludes assets and detaches mutable settings
ok 117 - compiler snapshot excludes assets and detaches mutable settings
  ---
  duration_ms: 0.23856
  type: 'test'
  ...
# Subtest: diagnostic snapshot has explicit resource limits
ok 118 - diagnostic snapshot has explicit resource limits
  ---
  duration_ms: 0.77552
  type: 'test'
  ...
# Subtest: fallback diagnostics debounce bursts and deliver only latest source
ok 119 - fallback diagnostics debounce bursts and deliver only latest source
  ---
  duration_ms: 18.469902
  type: 'test'
  ...
# Subtest: fallback yields between modules and aborts a superseded snapshot
ok 120 - fallback yields between modules and aborts a superseded snapshot
  ---
  duration_ms: 14.214232
  type: 'test'
  ...
# Subtest: out-of-order worker replies cannot overwrite a newer project
ok 121 - out-of-order worker replies cannot overwrite a newer project
  ---
  duration_ms: 8.725652
  type: 'test'
  ...
# Subtest: worker constructor failure has an operational fallback
ok 122 - worker constructor failure has an operational fallback
  ---
  duration_ms: 5.60813
  type: 'test'
  ...
# Subtest: worker script errors terminate/revoke worker and fall back
ok 123 - worker script errors terminate/revoke worker and fall back
  ---
  duration_ms: 8.511429
  type: 'test'
  ...
# Subtest: unresponsive workers time out rather than leave the status pending
ok 124 - unresponsive workers time out rather than leave the status pending
  ---
  duration_ms: 17.485126
  type: 'test'
  ...
# Subtest: cancelling a run prevents delayed diagnostics reaching the IDE
ok 125 - cancelling a run prevents delayed diagnostics reaching the IDE
  ---
  duration_ms: 32.816333
  type: 'test'
  ...
# Subtest: disposal drops caches, timers and pending delivery
ok 126 - disposal drops caches, timers and pending delivery
  ---
  duration_ms: 20.208714
  type: 'test'
  ...
# Subtest: each tool belongs to exactly one group through float/dock operations
ok 127 - each tool belongs to exactly one group through float/dock operations
  ---
  duration_ms: 2.125576
  type: 'test'
  ...
# Subtest: hidden tabs retain placement and activate a surviving sibling
ok 128 - hidden tabs retain placement and activate a surviving sibling
  ---
  duration_ms: 0.262436
  type: 'test'
  ...
# Subtest: floating a tab remembers its dock home
ok 129 - floating a tab remembers its dock home
  ---
  duration_ms: 0.171188
  type: 'test'
  ...
# Subtest: float whole group retains tab order
ok 130 - float whole group retains tab order
  ---
  duration_ms: 0.224298
  type: 'test'
  ...
# Subtest: non-dockable windows float and reject dock attempts
ok 131 - non-dockable windows float and reject dock attempts
  ---
  duration_ms: 0.293092
  type: 'test'
  ...
# Subtest: layout snapshot round-trips independently of stored object references
ok 132 - layout snapshot round-trips independently of stored object references
  ---
  duration_ms: 1.077485
  type: 'test'
  ...
# Subtest: invalid or duplicate membership restores fail atomically
ok 133 - invalid or duplicate membership restores fail atomically
  ---
  duration_ms: 0.552313
  type: 'test'
  ...
# Subtest: unknown window IDs are ignored, known missing tools regain defaults
ok 134 - unknown window IDs are ignored, known missing tools regain defaults
  ---
  duration_ms: 0.354785
  type: 'test'
  ...
# Subtest: restored hostile sizes and nonfinite geometry are bounded
ok 135 - restored hostile sizes and nonfinite geometry are bounded
  ---
  duration_ms: 0.449418
  type: 'test'
  ...
# Subtest: floating rectangles stay entirely on-screen after viewport shrink
ok 136 - floating rectangles stay entirely on-screen after viewport shrink
  ---
  duration_ms: 0.359042
  type: 'test'
  ...
# Subtest: random relocation maintains one membership per registered window
ok 137 - random relocation maintains one membership per registered window
  ---
  duration_ms: 3.34102
  type: 'test'
  ...
# Subtest: find treats regex characters literally: .
ok 138 - find treats regex characters literally: .
  ---
  duration_ms: 0.984305
  type: 'test'
  ...
# Subtest: find treats regex characters literally: [
ok 139 - find treats regex characters literally: [
  ---
  duration_ms: 0.14546
  type: 'test'
  ...
# Subtest: find treats regex characters literally: \\
ok 140 - find treats regex characters literally: \\
  ---
  duration_ms: 0.141003
  type: 'test'
  ...
# Subtest: find treats regex characters literally: $&
ok 141 - find treats regex characters literally: $&
  ---
  duration_ms: 0.127201
  type: 'test'
  ...
# Subtest: find treats regex characters literally: (a)
ok 142 - find treats regex characters literally: (a)
  ---
  duration_ms: 0.190718
  type: 'test'
  ...
# Subtest: find treats regex characters literally: ?
ok 143 - find treats regex characters literally: ?
  ---
  duration_ms: 0.219561
  type: 'test'
  ...
# Subtest: find treats regex characters literally: ^
ok 144 - find treats regex characters literally: ^
  ---
  duration_ms: 0.135535
  type: 'test'
  ...
# Subtest: find treats regex characters literally: |
ok 145 - find treats regex characters literally: |
  ---
  duration_ms: 0.109645
  type: 'test'
  ...
# Subtest: find treats regex characters literally: *
ok 146 - find treats regex characters literally: *
  ---
  duration_ms: 0.674547
  type: 'test'
  ...
# Subtest: find treats regex characters literally: {x}
ok 147 - find treats regex characters literally: {x}
  ---
  duration_ms: 0.42395
  type: 'test'
  ...
# Subtest: find caches the source/query/options tuple and navigates by binary boundaries
ok 148 - find caches the source/query/options tuple and navigates by binary boundaries
  ---
  duration_ms: 0.372602
  type: 'test'
  ...
# Subtest: single-pass Replace All handles 50,000 literal substitutions without recursive calls
ok 149 - single-pass Replace All handles 50,000 literal substitutions without recursive calls
  ---
  duration_ms: 42.22137
  type: 'test'
  ...
# Subtest: replacement range validation fails before returning partial output
ok 150 - replacement range validation fails before returning partial output
  ---
  duration_ms: 0.489489
  type: 'test'
  ...
# Subtest: source selection moves in either direction, copying and no-op insertion
ok 151 - source selection moves in either direction, copying and no-op insertion
  ---
  duration_ms: 0.674448
  type: 'test'
  ...
# Subtest: source moves preserve Unicode text and empty selections
ok 152 - source moves preserve Unicode text and empty selections
  ---
  duration_ms: 0.088854
  type: 'test'
  ...
# Subtest: completion reflects in-place control rename/type/index changes
ok 153 - completion reflects in-place control rename/type/index changes
  ---
  duration_ms: 2.211646
  type: 'test'
  ...
# Subtest: List Constants excludes locals owned by another procedure
ok 154 - List Constants excludes locals owned by another procedure
  ---
  duration_ms: 8.210495
  type: 'test'
  ...
# Subtest: incremental indexing remains equivalent after deterministic randomized Unicode edits
ok 155 - incremental indexing remains equivalent after deterministic randomized Unicode edits
  ---
  duration_ms: 86.021472
  type: 'test'
  ...
# Subtest: incremental indices preserve procedure starts for edits and end-of-file
ok 156 - incremental indices preserve procedure starts for edits and end-of-file
  ---
  duration_ms: 5.957097
  type: 'test'
  ...
# Subtest: incremental random edits agree with a full reindex (2000 patches)
ok 157 - incremental random edits agree with a full reindex (2000 patches)
  ---
  duration_ms: 25.711104
  type: 'test'
  ...
# Subtest: single-line edit does not rescan 100000 unchanged lines
ok 158 - single-line edit does not rescan 100000 unchanged lines
  ---
  duration_ms: 46.701588
  type: 'test'
  ...
# Subtest: input edit hints handle insertion, deletion, surrogate pairs and fallback
ok 159 - input edit hints handle insertion, deletion, surrogate pairs and fallback
  ---
  duration_ms: 0.396859
  type: 'test'
  ...
# Subtest: highlight cache is bounded and least-recently-used
ok 160 - highlight cache is bounded and least-recently-used
  ---
  duration_ms: 0.355967
  type: 'test'
  ...
# Subtest: sparse source history scales with inserted bytes and replays in both directions
ok 161 - sparse source history scales with inserted bytes and replays in both directions
  ---
  duration_ms: 31.166719
  type: 'test'
  ...
# Subtest: declaration index handles locals, parameters, arrays and public members
ok 162 - declaration index handles locals, parameters, arrays and public members
  ---
  duration_ms: 3.194178
  type: 'test'
  ...
# Subtest: member completion honors local shadowing and private class members
ok 163 - member completion honors local shadowing and private class members
  ---
  duration_ms: 7.852876
  type: 'test'
  ...
# Subtest: intelligence reuses unchanged module declaration scans
ok 164 - intelligence reuses unchanged module declaration scans
  ---
  duration_ms: 0.472322
  type: 'test'
  ...
# Subtest: constants list is deterministic, unique and prefix filtered
ok 165 - constants list is deterministic, unique and prefix filtered
  ---
  duration_ms: 4.420348
  type: 'test'
  ...
# Subtest: strings and apostrophe comments do not produce completions
ok 166 - strings and apostrophe comments do not produce completions
  ---
  duration_ms: 0.155544
  type: 'test'
  ...
# Subtest: nested call context ignores commas in literals and inner functions
ok 167 - nested call context ignores commas in literals and inner functions
  ---
  duration_ms: 0.556089
  type: 'test'
  ...
# Subtest: parameter info supports named parameters and multiline continuation
ok 168 - parameter info supports named parameters and multiline continuation
  ---
  duration_ms: 0.446093
  type: 'test'
  ...
# Subtest: unparenthesized Sub calls show argument context
ok 169 - unparenthesized Sub calls show argument context
  ---
  duration_ms: 0.288936
  type: 'test'
  ...
# Subtest: masking and split preserve quoted commas, nested calls and comments
ok 170 - masking and split preserve quoted commas, nested calls and comments
  ---
  duration_ms: 0.301405
  type: 'test'
  ...
# Subtest: type and enum declarations expose correct typed members
ok 171 - type and enum declarations expose correct typed members
  ---
  duration_ms: 0.631523
  type: 'test'
  ...
# Subtest: typed browser controls expose implemented properties, not unrelated control fields
ok 172 - typed browser controls expose implemented properties, not unrelated control fields
  ---
  duration_ms: 0.605663
  type: 'test'
  ...
# Subtest: projection indexes UTF-16 line offsets and final empty line
ok 173 - projection indexes UTF-16 line offsets and final empty line
  ---
  duration_ms: 2.158507
  type: 'test'
  ...
# Subtest: full module view projects the entire source exactly
ok 174 - full module view projects the entire source exactly
  ---
  duration_ms: 0.197157
  type: 'test'
  ...
# Subtest: procedure view does not include the following header
ok 175 - procedure view does not include the following header
  ---
  duration_ms: 0.245991
  type: 'test'
  ...
# Subtest: declarations are independently editable without joining the first header
ok 176 - declarations are independently editable without joining the first header
  ---
  duration_ms: 0.174733
  type: 'test'
  ...
# Subtest: empty declarations before a line-one procedure remain a zero-length insertion
ok 177 - empty declarations before a line-one procedure remain a zero-length insertion
  ---
  duration_ms: 0.196256
  type: 'test'
  ...
# Subtest: editing a projection preserves all unselected source bytes
ok 178 - editing a projection preserves all unselected source bytes
  ---
  duration_ms: 0.172881
  type: 'test'
  ...
# Subtest: offset remapping keeps selections before/after an edit stable
ok 179 - offset remapping keeps selections before/after an edit stable
  ---
  duration_ms: 0.187854
  type: 'test'
  ...
# Subtest: offset remapping after deletion collapses selections inside removed text
ok 180 - offset remapping after deletion collapses selections inside removed text
  ---
  duration_ms: 0.08639
  type: 'test'
  ...
# Subtest: procedure and property headers have independent projections
ok 181 - procedure and property headers have independent projections
  ---
  duration_ms: 0.257959
  type: 'test'
  ...
# Subtest: syntax selection preserves lexical context and HTML escaping
ok 182 - syntax selection preserves lexical context and HTML escaping
  ---
  duration_ms: 0.698824
  type: 'test'
  ...
# Subtest: multiline selection includes the visual newline cell
ok 183 - multiline selection includes the visual newline cell
  ---
  duration_ms: 0.358941
  type: 'test'
  ...
# Subtest: Binary scalar Byte
ok 184 - Binary scalar Byte
  ---
  duration_ms: 1.777512
  type: 'test'
  ...
# Subtest: Binary scalar Integer
ok 185 - Binary scalar Integer
  ---
  duration_ms: 0.118649
  type: 'test'
  ...
# Subtest: Binary scalar Long
ok 186 - Binary scalar Long
  ---
  duration_ms: 0.204278
  type: 'test'
  ...
# Subtest: Binary scalar Single
ok 187 - Binary scalar Single
  ---
  duration_ms: 0.101954
  type: 'test'
  ...
# Subtest: Binary scalar Double
ok 188 - Binary scalar Double
  ---
  duration_ms: 0.294654
  type: 'test'
  ...
# Subtest: Binary scalar Boolean
ok 189 - Binary scalar Boolean
  ---
  duration_ms: 0.085669
  type: 'test'
  ...
# Subtest: Binary scalar Currency
ok 190 - Binary scalar Currency
  ---
  duration_ms: 0.163126
  type: 'test'
  ...
# Subtest: Binary scalar Date
ok 191 - Binary scalar Date
  ---
  duration_ms: 0.665774
  type: 'test'
  ...
# Subtest: Binary uses little-endian native scalar layouts
ok 192 - Binary uses little-endian native scalar layouts
  ---
  duration_ms: 0.975211
  type: 'test'
  ...
# Subtest: ANSI encoding round trips euro and rejects lossy Unicode
ok 193 - ANSI encoding round trips euro and rejects lossy Unicode
  ---
  duration_ms: 0.92802
  type: 'test'
  ...
# Subtest: Random strings have unsigned 16-bit lengths; fixed strings do not
ok 194 - Random strings have unsigned 16-bit lengths; fixed strings do not
  ---
  duration_ms: 7.328716
  type: 'test'
  ...
# Subtest: Variant descriptor undefined
ok 195 - Variant descriptor undefined
  ---
  duration_ms: 0.154313
  type: 'test'
  ...
# Subtest: Variant descriptor null
ok 196 - Variant descriptor null
  ---
  duration_ms: 0.055644
  type: 'test'
  ...
# Subtest: Variant descriptor 42
ok 197 - Variant descriptor 42
  ---
  duration_ms: 0.069565
  type: 'test'
  ...
# Subtest: Variant descriptor 3.141592653589793
ok 198 - Variant descriptor 3.141592653589793
  ---
  duration_ms: 0.050206
  type: 'test'
  ...
# Subtest: Variant descriptor hello
ok 199 - Variant descriptor hello
  ---
  duration_ms: 0.116315
  type: 'test'
  ...
# Subtest: Variant descriptor 4.321
ok 200 - Variant descriptor 4.321
  ---
  duration_ms: 0.075253
  type: 'test'
  ...
# Subtest: Binary arrays write first-dimension-fastest without a descriptor
ok 201 - Binary arrays write first-dimension-fastest without a descriptor
  ---
  duration_ms: 0.667617
  type: 'test'
  ...
# Subtest: Random dynamic arrays preserve descriptors and lower bounds
ok 202 - Random dynamic arrays preserve descriptors and lower bounds
  ---
  duration_ms: 0.437109
  type: 'test'
  ...
# Subtest: corrupt descriptors, truncated data and scalar array Variants reject
ok 203 - corrupt descriptors, truncated data and scalar array Variants reject
  ---
  duration_ms: 0.220102
  type: 'test'
  ...
# Subtest: typed records concatenate fields without padding
ok 204 - typed records concatenate fields without padding
  ---
  duration_ms: 0.48386
  type: 'test'
  ...
# Subtest: VM Binary Put/Get, byte positions, Seek and EOF
ok 205 - VM Binary Put/Get, byte positions, Seek and EOF
  ---
  duration_ms: 15.768246
  type: 'test'
  ...
# Subtest: VM Random record operations honor Len expressions and typed UDT fields
ok 206 - VM Random record operations honor Len expressions and typed UDT fields
  ---
  duration_ms: 5.736173
  type: 'test'
  ...
# Subtest: VM fixed strings and declared byte arrays use their storage schema
ok 207 - VM fixed strings and declared byte arrays use their storage schema
  ---
  duration_ms: 1.845083
  type: 'test'
  ...
# Subtest: VM Read/Write access rejects unauthorized operations
ok 208 - VM Read/Write access rejects unauthorized operations
  ---
  duration_ms: 1.55761
  type: 'test'
  ...
# Subtest: VM binary copy/rename preserves bytes
ok 209 - VM binary copy/rename preserves bytes
  ---
  duration_ms: 1.159599
  type: 'test'
  ...
# Subtest: snapshot is JSON-safe and preserves every byte with legacy text files
ok 210 - snapshot is JSON-safe and preserves every byte with legacy text files
  ---
  duration_ms: 0.37099
  type: 'test'
  ...
# Subtest: failed Get and oversized Put do not move position or mutate files
ok 211 - failed Get and oversized Put do not move position or mutate files
  ---
  duration_ms: 1.105999
  type: 'test'
  ...
# Subtest: record-size checks leave existing bytes intact
ok 212 - record-size checks leave existing bytes intact
  ---
  duration_ms: 0.160612
  type: 'test'
  ...
# Subtest: virtual locks apply to the touched region and release on Close
ok 213 - virtual locks apply to the touched region and release on Close
  ---
  duration_ms: 0.551202
  type: 'test'
  ...
# Subtest: shared opens observe writes, lock modes deny conflicting access
ok 214 - shared opens observe writes, lock modes deny conflicting access
  ---
  duration_ms: 0.287774
  type: 'test'
  ...
# Subtest: FreeFile range and invalid seek/access boundaries
ok 215 - FreeFile range and invalid seek/access boundaries
  ---
  duration_ms: 0.206402
  type: 'test'
  ...
# Subtest: project search returns full-source UTF16 locations in module order
ok 216 - project search returns full-source UTF16 locations in module order
  ---
  duration_ms: 1.922089
  type: 'test'
  ...
# Subtest: literal search escapes .
ok 217 - literal search escapes .
  ---
  duration_ms: 0.206271
  type: 'test'
  ...
# Subtest: literal search escapes *
ok 218 - literal search escapes *
  ---
  duration_ms: 0.193011
  type: 'test'
  ...
# Subtest: literal search escapes [a]
ok 219 - literal search escapes [a]
  ---
  duration_ms: 0.181804
  type: 'test'
  ...
# Subtest: literal search escapes (hello)
ok 220 - literal search escapes (hello)
  ---
  duration_ms: 0.158659
  type: 'test'
  ...
# Subtest: literal search escapes $
ok 221 - literal search escapes $
  ---
  duration_ms: 0.127473
  type: 'test'
  ...
# Subtest: literal search escapes \\
ok 222 - literal search escapes \\
  ---
  duration_ms: 0.160652
  type: 'test'
  ...
# Subtest: literal search escapes ?
ok 223 - literal search escapes ?
  ---
  duration_ms: 0.154463
  type: 'test'
  ...
# Subtest: literal search escapes a+b
ok 224 - literal search escapes a+b
  ---
  duration_ms: 0.281324
  type: 'test'
  ...
# Subtest: literal search escapes ^
ok 225 - literal search escapes ^
  ---
  duration_ms: 0.315807
  type: 'test'
  ...
# Subtest: whole-word and match-case options distinguish identifiers
ok 226 - whole-word and match-case options distinguish identifiers
  ---
  duration_ms: 0.309296
  type: 'test'
  ...
# Subtest: module-only search captures just that module
ok 227 - module-only search captures just that module
  ---
  duration_ms: 0.130747
  type: 'test'
  ...
# Subtest: search snapshots become stale when a matching or unrelated source changes
ok 228 - search snapshots become stale when a matching or unrelated source changes
  ---
  duration_ms: 0.483168
  type: 'test'
  ...
# Subtest: stale search rejects module replacement, removal and addition atomically
ok 229 - stale search rejects module replacement, removal and addition atomically
  ---
  duration_ms: 0.248835
  type: 'test'
  ...
# Subtest: renamed module retains valid id-and-source search
ok 230 - renamed module retains valid id-and-source search
  ---
  duration_ms: 0.144308
  type: 'test'
  ...
# Subtest: search limit reports truncation and refuses partial replacement
ok 231 - search limit reports truncation and refuses partial replacement
  ---
  duration_ms: 0.129215
  type: 'test'
  ...
# Subtest: exactly full search limit does not falsely report truncation
ok 232 - exactly full search limit does not falsely report truncation
  ---
  duration_ms: 0.082585
  type: 'test'
  ...
# Subtest: replacement creates a new project, treats dollar syntax literally and can be undone atomically
ok 233 - replacement creates a new project, treats dollar syntax literally and can be undone atomically
  ---
  duration_ms: 0.449298
  type: 'test'
  ...
# Subtest: replace does not leave partial modifications after size failure
ok 234 - replace does not leave partial modifications after size failure
  ---
  duration_ms: 0.69565
  type: 'test'
  ...
# Subtest: 20,000 replacements use a bounded list and preserve literal output
ok 235 - 20,000 replacements use a bounded list and preserve literal output
  ---
  duration_ms: 11.676734
  type: 'test'
  ...
# Subtest: replacement maps anchors across separate newline insertions
ok 236 - replacement maps anchors across separate newline insertions
  ---
  duration_ms: 0.374254
  type: 'test'
  ...
# Subtest: empty/oversized query and wrong project are rejected
ok 237 - empty/oversized query and wrong project are rejected
  ---
  duration_ms: 0.53055
  type: 'test'
  ...
# Subtest: bookmark normalization removes invalid and duplicate lines
ok 238 - bookmark normalization removes invalid and duplicate lines
  ---
  duration_ms: 0.088673
  type: 'test'
  ...
# Subtest: inserting source at bookmarked line start follows original line
ok 239 - inserting source at bookmarked line start follows original line
  ---
  duration_ms: 0.193983
  type: 'test'
  ...
# Subtest: deleting a full bookmarked line removes its anchor but maps subsequent lines
ok 240 - deleting a full bookmarked line removes its anchor but maps subsequent lines
  ---
  duration_ms: 0.097186
  type: 'test'
  ...
# Subtest: editing text without line changes keeps anchors
ok 241 - editing text without line changes keeps anchors
  ---
  duration_ms: 0.087422
  type: 'test'
  ...
# Subtest: bookmarks navigate through project modules and wrap in either direction
ok 242 - bookmarks navigate through project modules and wrap in either direction
  ---
  duration_ms: 2.567914
  type: 'test'
  ...
# Subtest: no bookmarks returns no navigation target
ok 243 - no bookmarks returns no navigation target
  ---
  duration_ms: 0.074753
  type: 'test'
  ...
# Subtest: Object Browser uses compiler declaration locations, not first textual occurrence
ok 244 - Object Browser uses compiler declaration locations, not first textual occurrence
  ---
  duration_ms: 20.203908
  type: 'test'
  ...
# Subtest: Object Browser private filter omits private members only
ok 245 - Object Browser private filter omits private members only
  ---
  duration_ms: 3.005043
  type: 'test'
  ...
# Subtest: Object Browser contains implemented intrinsic optional signatures
ok 246 - Object Browser contains implemented intrinsic optional signatures
  ---
  duration_ms: 3.279537
  type: 'test'
  ...
# Subtest: Object Browser tolerates incomplete procedure bodies
ok 247 - Object Browser tolerates incomplete procedure bodies
  ---
  duration_ms: 1.365439
  type: 'test'
  ...
# Subtest: Object Browser tolerates invalid conditional compiler input
ok 248 - Object Browser tolerates invalid conditional compiler input
  ---
  duration_ms: 3.649946
  type: 'test'
  ...
# Subtest: Object Browser property accessors remain distinct navigation targets
ok 249 - Object Browser property accessors remain distinct navigation targets
  ---
  duration_ms: 1.242003
  type: 'test'
  ...
# Subtest: Object Browser does not advertise nonexistent OCX libraries
ok 250 - Object Browser does not advertise nonexistent OCX libraries
  ---
  duration_ms: 1.037014
  type: 'test'
  ...
# Subtest: Add Procedure produces compilable Public Sub
ok 251 - Add Procedure produces compilable Public Sub
  ---
  duration_ms: 7.733646
  type: 'test'
  ...
# Subtest: Add Procedure produces compilable Private Sub
ok 252 - Add Procedure produces compilable Private Sub
  ---
  duration_ms: 0.632924
  type: 'test'
  ...
# Subtest: Add Procedure produces compilable Public Function
ok 253 - Add Procedure produces compilable Public Function
  ---
  duration_ms: 0.32493
  type: 'test'
  ...
# Subtest: Add Procedure produces compilable Private Function
ok 254 - Add Procedure produces compilable Private Function
  ---
  duration_ms: 0.436118
  type: 'test'
  ...
# Subtest: Add Procedure produces compilable Public Property
ok 255 - Add Procedure produces compilable Public Property
  ---
  duration_ms: 1.641166
  type: 'test'
  ...
# Subtest: Add Procedure produces compilable Private Property
ok 256 - Add Procedure produces compilable Private Property
  ---
  duration_ms: 0.403068
  type: 'test'
  ...
# Subtest: Add Procedure rejects duplicate fields, controls, keywords and injected source
ok 257 - Add Procedure rejects duplicate fields, controls, keywords and injected source
  ---
  duration_ms: 1.013619
  type: 'test'
  ...
# Subtest: Add Procedure ignores procedure-local name collisions
ok 258 - Add Procedure ignores procedure-local name collisions
  ---
  duration_ms: 0.561767
  type: 'test'
  ...
# Subtest: Procedure attributes round-trip descriptions, IDs and flags preserving other data
ok 259 - Procedure attributes round-trip descriptions, IDs and flags preserving other data
  ---
  duration_ms: 1.902369
  type: 'test'
  ...
# Subtest: Invalid attributes reject without mutation
ok 260 - Invalid attributes reject without mutation
  ---
  duration_ms: 0.581698
  type: 'test'
  ...
# Subtest: Equal spacing uses gaps between unlike widths and preserves endpoints
ok 261 - Equal spacing uses gaps between unlike widths and preserves endpoints
  ---
  duration_ms: 0.526714
  type: 'test'
  ...
# Subtest: Incremental spacing accumulates grid and remove abuts borders
ok 262 - Incremental spacing accumulates grid and remove abuts borders
  ---
  duration_ms: 0.179892
  type: 'test'
  ...
# Subtest: Center controls individually in their parent
ok 263 - Center controls individually in their parent
  ---
  duration_ms: 0.251699
  type: 'test'
  ...
# Subtest: Geometry rejects mixed containers before any mutation
ok 264 - Geometry rejects mixed containers before any mutation
  ---
  duration_ms: 0.136927
  type: 'test'
  ...
# Subtest: Size to grid never changes position and enforces positive extent
ok 265 - Size to grid never changes position and enforces positive extent
  ---
  duration_ms: 0.13276
  type: 'test'
  ...
# Subtest: Largest and smallest sizes apply the respective dimension only
ok 266 - Largest and smallest sizes apply the respective dimension only
  ---
  duration_ms: 0.143526
  type: 'test'
  ...
# Subtest: Spacing preserves a focused interior control
ok 267 - Spacing preserves a focused interior control
  ---
  duration_ms: 0.142615
  type: 'test'
  ...
# Subtest: lexer preserves strings, doubled quotes, source offsets and suffixes
ok 268 - lexer preserves strings, doubled quotes, source offsets and suffixes
  ---
  duration_ms: 2.508314
  type: 'test'
  ...
# Subtest: lexer rejects unterminated strings
ok 269 - lexer rejects unterminated strings
  ---
  duration_ms: 0.693366
  type: 'test'
  ...
# Subtest: top-level split respects parentheses and quoted commas
ok 270 - top-level split respects parentheses and quoted commas
  ---
  duration_ms: 0.659905
  type: 'test'
  ...
# Subtest: logical lines preserve continuation source mapping
ok 271 - logical lines preserve continuation source mapping
  ---
  duration_ms: 0.469137
  type: 'test'
  ...
# Subtest: comments do not corrupt quoted apostrophes
ok 272 - comments do not corrupt quoted apostrophes
  ---
  duration_ms: 0.139932
  type: 'test'
  ...
# Subtest: compiler reports missing End If
ok 273 - compiler reports missing End If
  ---
  duration_ms: 3.00999
  type: 'test'
  ...
# Subtest: compiler reports unsupported DLL declaration
ok 274 - compiler reports unsupported DLL declaration
  ---
  duration_ms: 0.968591
  type: 'test'
  ...
# Subtest: compiler rejects duplicate procedures
ok 275 - compiler rejects duplicate procedures
  ---
  duration_ms: 0.267904
  type: 'test'
  ...
# Subtest: source mapping is accurate after comments and blanks
ok 276 - source mapping is accurate after comments and blanks
  ---
  duration_ms: 0.925957
  type: 'test'
  ...
# Subtest: expression 1 + 2 * 3
ok 277 - expression 1 + 2 * 3
  ---
  duration_ms: 4.705888
  type: 'test'
  ...
# Subtest: expression 2 ^ 3 ^ 2
ok 278 - expression 2 ^ 3 ^ 2
  ---
  duration_ms: 0.874129
  type: 'test'
  ...
# Subtest: expression -2 ^ 2
ok 279 - expression -2 ^ 2
  ---
  duration_ms: 1.707355
  type: 'test'
  ...
# Subtest: expression (1 + 2) * 3
ok 280 - expression (1 + 2) * 3
  ---
  duration_ms: 0.646486
  type: 'test'
  ...
# Subtest: expression 7 \\ 2
ok 281 - expression 7 \\ 2
  ---
  duration_ms: 0.710352
  type: 'test'
  ...
# Subtest: expression 7 Mod 3
ok 282 - expression 7 Mod 3
  ---
  duration_ms: 1.154261
  type: 'test'
  ...
# Subtest: expression Not 1 = 2
ok 283 - expression Not 1 = 2
  ---
  duration_ms: 0.65018
  type: 'test'
  ...
# Subtest: expression True And False
ok 284 - expression True And False
  ---
  duration_ms: 1.181242
  type: 'test'
  ...
# Subtest: expression True Or False
ok 285 - expression True Or False
  ---
  duration_ms: 2.001318
  type: 'test'
  ...
# Subtest: expression 2 < 3
ok 286 - expression 2 < 3
  ---
  duration_ms: 0.535087
  type: 'test'
  ...
# Subtest: expression "a" & 2
ok 287 - expression "a" & 2
  ---
  duration_ms: 0.648438
  type: 'test'
  ...
# Subtest: expression "abc" Like "a*"
ok 288 - expression "abc" Like "a*"
  ---
  duration_ms: 0.963763
  type: 'test'
  ...
# Subtest: expression "a""b"
ok 289 - expression "a""b"
  ---
  duration_ms: 0.776031
  type: 'test'
  ...
# Subtest: expression &HFF + &O10
ok 290 - expression &HFF + &O10
  ---
  duration_ms: 1.393002
  type: 'test'
  ...
# Subtest: expression Empty + 5
ok 291 - expression Empty + 5
  ---
  duration_ms: 0.561227
  type: 'test'
  ...
# Subtest: expression Null & "x"
ok 292 - expression Null & "x"
  ---
  duration_ms: 0.400494
  type: 'test'
  ...
# Subtest: expression Null + 1
ok 293 - expression Null + 1
  ---
  duration_ms: 0.645534
  type: 'test'
  ...
# Subtest: expression 5 Xor 3
ok 294 - expression 5 Xor 3
  ---
  duration_ms: 1.274392
  type: 'test'
  ...
# Subtest: expression 5 Eqv 3
ok 295 - expression 5 Eqv 3
  ---
  duration_ms: 0.688899
  type: 'test'
  ...
# Subtest: expression True Imp False
ok 296 - expression True Imp False
  ---
  duration_ms: 0.683882
  type: 'test'
  ...
# Subtest: For loop is inclusive and preserves final control value
ok 297 - For loop is inclusive and preserves final control value
  ---
  duration_ms: 4.248288
  type: 'test'
  ...
# Subtest: negative For step and Exit For
ok 298 - negative For step and Exit For
  ---
  duration_ms: 1.106309
  type: 'test'
  ...
# Subtest: If ElseIf Else branches
ok 299 - If ElseIf Else branches
  ---
  duration_ms: 1.448074
  type: 'test'
  ...
# Subtest: single-line If supports colon statements and Else
ok 300 - single-line If supports colon statements and Else
  ---
  duration_ms: 0.839126
  type: 'test'
  ...
# Subtest: Do While and Loop Until
ok 301 - Do While and Loop Until
  ---
  duration_ms: 2.853234
  type: 'test'
  ...
# Subtest: While Wend
ok 302 - While Wend
  ---
  duration_ms: 3.880854
  type: 'test'
  ...
# Subtest: Select Case ranges and relational cases
ok 303 - Select Case ranges and relational cases
  ---
  duration_ms: 1.437458
  type: 'test'
  ...
# Subtest: functions recurse and return typed values
ok 304 - functions recurse and return typed values
  ---
  duration_ms: 2.535045
  type: 'test'
  ...
# Subtest: ByRef changes caller, ByVal does not
ok 305 - ByRef changes caller, ByVal does not
  ---
  duration_ms: 1.49142
  type: 'test'
  ...
# Subtest: optional parameters and ParamArray
ok 306 - optional parameters and ParamArray
  ---
  duration_ms: 1.510378
  type: 'test'
  ...
# Subtest: Static local persists between invocations
ok 307 - Static local persists between invocations
  ---
  duration_ms: 3.808165
  type: 'test'
  ...
# Subtest: Option Explicit catches missing variable at execution
ok 308 - Option Explicit catches missing variable at execution
  ---
  duration_ms: 1.068031
  type: 'test'
  ...
# Subtest: Integer overflow is caught
ok 309 - Integer overflow is caught
  ---
  duration_ms: 0.84837
  type: 'test'
  ...
# Subtest: Option Compare Text applies to comparison
ok 310 - Option Compare Text applies to comparison
  ---
  duration_ms: 0.752946
  type: 'test'
  ...
# Subtest: typed multidimensional arrays and bounds
ok 311 - typed multidimensional arrays and bounds
  ---
  duration_ms: 7.173861
  type: 'test'
  ...
# Subtest: ReDim Preserve retains elements
ok 312 - ReDim Preserve retains elements
  ---
  duration_ms: 1.362415
  type: 'test'
  ...
# Subtest: For Each over an Array
ok 313 - For Each over an Array
  ---
  duration_ms: 0.958897
  type: 'test'
  ...
# Subtest: Collection uses one-based indices and keyed access
ok 314 - Collection uses one-based indices and keyed access
  ---
  duration_ms: 1.641486
  type: 'test'
  ...
# Subtest: Dictionary supports indexed assignment
ok 315 - Dictionary supports indexed assignment
  ---
  duration_ms: 1.16045
  type: 'test'
  ...
# Subtest: With member access updates objects
ok 316 - With member access updates objects
  ---
  duration_ms: 0.756
  type: 'test'
  ...
# Subtest: class fields, initialization, methods and property accessors
ok 317 - class fields, initialization, methods and property accessors
  ---
  duration_ms: 1.284127
  type: 'test'
  ...
# Subtest: On Error Resume Next sets Err and resumes caller
ok 318 - On Error Resume Next sets Err and resumes caller
  ---
  duration_ms: 0.568307
  type: 'test'
  ...
# Subtest: On Error GoTo and Resume Next
ok 319 - On Error GoTo and Resume Next
  ---
  duration_ms: 1.065998
  type: 'test'
  ...
# Subtest: GoSub and Return
ok 320 - GoSub and Return
  ---
  duration_ms: 0.680777
  type: 'test'
  ...
# Subtest: Err.Raise participates in error handling
ok 321 - Err.Raise participates in error handling
  ---
  duration_ms: 2.373851
  type: 'test'
  ...
# Subtest: sequential text files round-trip in isolated virtual filesystem
ok 322 - sequential text files round-trip in isolated virtual filesystem
  ---
  duration_ms: 1.713365
  type: 'test'
  ...
# Subtest: Write/Input CSV round-trip strings and numbers
ok 323 - Write/Input CSV round-trip strings and numbers
  ---
  duration_ms: 0.970244
  type: 'test'
  ...
# Subtest: Scripting FileSystemObject text stream
ok 324 - Scripting FileSystemObject text stream
  ---
  duration_ms: 1.119849
  type: 'test'
  ...
# Subtest: in-memory Recordset fields and navigation
ok 325 - in-memory Recordset fields and navigation
  ---
  duration_ms: 1.799074
  type: 'test'
  ...
# Subtest: prototype escape is rejected
ok 326 - prototype escape is rejected
  ---
  duration_ms: 0.628198
  type: 'test'
  ...
# Subtest: infinite loops terminate at an instruction budget
ok 327 - infinite loops terminate at an instruction budget
  ---
  duration_ms: 20.29797
  type: 'test'
  ...
# Subtest: breakpoint pauses at source line before side effects, then steps
ok 328 - breakpoint pauses at source line before side effects, then steps
  ---
  duration_ms: 1.274342
  type: 'test'
  ...
# Subtest: banker rounding and typed ranges
ok 329 - banker rounding and typed ranges
  ---
  duration_ms: 0.137988
  type: 'test'
  ...
# Subtest: Currency stores a scaled integer
ok 330 - Currency stores a scaled integer
  ---
  duration_ms: 0.292311
  type: 'test'
  ...
# Subtest: ReDim Preserve disallows first-dimension changes
ok 331 - ReDim Preserve disallows first-dimension changes
  ---
  duration_ms: 0.126521
  type: 'test'
  ...
# Subtest: virtual filesystem normalizes traversal within its own root
ok 332 - virtual filesystem normalizes traversal within its own root
  ---
  duration_ms: 0.073601
  type: 'test'
  ...
# Subtest: builtin Left$("hello", 2)
ok 333 - builtin Left$("hello", 2)
  ---
  duration_ms: 0.448196
  type: 'test'
  ...
# Subtest: builtin Right$("hello", 2)
ok 334 - builtin Right$("hello", 2)
  ---
  duration_ms: 0.850953
  type: 'test'
  ...
# Subtest: builtin Mid$("hello", 2, 3)
ok 335 - builtin Mid$("hello", 2, 3)
  ---
  duration_ms: 0.461997
  type: 'test'
  ...
# Subtest: builtin Replace("a-b-a", "a", "x")
ok 336 - builtin Replace("a-b-a", "a", "x")
  ---
  duration_ms: 0.375957
  type: 'test'
  ...
# Subtest: builtin Join(Split("a,b,c", ","), "|")
ok 337 - builtin Join(Split("a,b,c", ","), "|")
  ---
  duration_ms: 0.438271
  type: 'test'
  ...
# Subtest: builtin InStr(2, "banana", "an")
ok 338 - builtin InStr(2, "banana", "an")
  ---
  duration_ms: 0.366793
  type: 'test'
  ...
# Subtest: builtin StrComp("A", "a", vbTextCompare)
ok 339 - builtin StrComp("A", "a", vbTextCompare)
  ---
  duration_ms: 0.345481
  type: 'test'
  ...
# Subtest: builtin Format$(12.5, "0.00")
ok 340 - builtin Format$(12.5, "0.00")
  ---
  duration_ms: 0.730732
  type: 'test'
  ...
# Subtest: builtin Format$(0.25, "0%")
ok 341 - builtin Format$(0.25, "0%")
  ---
  duration_ms: 0.526244
  type: 'test'
  ...
# Subtest: builtin RGB(255, 128, 0)
ok 342 - builtin RGB(255, 128, 0)
  ---
  duration_ms: 0.393083
  type: 'test'
  ...
# Subtest: builtin CInt(2.5)
ok 343 - builtin CInt(2.5)
  ---
  duration_ms: 0.332813
  type: 'test'
  ...
# Subtest: builtin CInt(3.5)
ok 344 - builtin CInt(3.5)
  ---
  duration_ms: 0.32481
  type: 'test'
  ...
# Subtest: builtin Month(DateSerial(2024, 2, 29))
ok 345 - builtin Month(DateSerial(2024, 2, 29))
  ---
  duration_ms: 0.880479
  type: 'test'
  ...
# Subtest: builtin Day(DateAdd("m", 1, DateSerial(2024, 1, 31)))
ok 346 - builtin Day(DateAdd("m", 1, DateSerial(2024, 1, 31)))
  ---
  duration_ms: 0.658533
  type: 'test'
  ...
# Subtest: builtin DateDiff("d", DateSerial(2024, 1, 1), DateSerial(2024, 1, 4))
ok 347 - builtin DateDiff("d", DateSerial(2024, 1, 1), DateSerial(2024, 1, 4))
  ---
  duration_ms: 0.758234
  type: 'test'
  ...
# Subtest: builtin Len("hello")
ok 348 - builtin Len("hello")
  ---
  duration_ms: 0.430159
  type: 'test'
  ...
# Subtest: builtin Asc("A")
ok 349 - builtin Asc("A")
  ---
  duration_ms: 0.378281
  type: 'test'
  ...
# Subtest: builtin Chr$(65)
ok 350 - builtin Chr$(65)
  ---
  duration_ms: 0.464351
  type: 'test'
  ...
# Subtest: builtin Hex$(255)
ok 351 - builtin Hex$(255)
  ---
  duration_ms: 0.411851
  type: 'test'
  ...
# Subtest: builtin Val(" 12.3 apples")
ok 352 - builtin Val(" 12.3 apples")
  ---
  duration_ms: 0.442778
  type: 'test'
  ...
# Subtest: WithEvents dispatches synchronously in connection order with shared ByRef arguments
ok 353 - WithEvents dispatches synchronously in connection order with shared ByRef arguments
  ---
  duration_ms: 1.853335
  type: 'test'
  ...
# Subtest: WithEvents detaches on Nothing and reassignment
ok 354 - WithEvents detaches on Nothing and reassignment
  ---
  duration_ms: 1.537619
  type: 'test'
  ...
# Subtest: WithEvents rejects standard module and procedure declarations
ok 355 - WithEvents rejects standard module and procedure declarations
  ---
  duration_ms: 0.260613
  type: 'test'
  ...
# Subtest: WithEvents rejects arrays and As New
ok 356 - WithEvents rejects arrays and As New
  ---
  duration_ms: 0.192901
  type: 'test'
  ...
# Subtest: RaiseEvent rejects undeclared events
ok 357 - RaiseEvent rejects undeclared events
  ---
  duration_ms: 0.680156
  type: 'test'
  ...
# Subtest: modal forms wait for a queued close handler before resuming the caller
ok 358 - modal forms wait for a queued close handler before resuming the caller
  ---
  duration_ms: 34.018727
  type: 'test'
  ...
# Subtest: nested modal forms preserve execution order and unwind the complete stack
ok 359 - nested modal forms preserve execution order and unwind the complete stack
  ---
  duration_ms: 18.405515
  type: 'test'
  ...
# Subtest: Forms collection includes loaded forms and newly constructed instances
ok 360 - Forms collection includes loaded forms and newly constructed instances
  ---
  duration_ms: 1.081892
  type: 'test'
  ...
# Subtest: QueryUnload cancellation leaves the form loaded and visible
ok 361 - QueryUnload cancellation leaves the form loaded and visible
  ---
  duration_ms: 0.593906
  type: 'test'
  ...
# Subtest: DoEvents pumps queued handlers while an enclosing VB procedure is active
ok 362 - DoEvents pumps queued handlers while an enclosing VB procedure is active
  ---
  duration_ms: 2.866684
  type: 'test'
  ...
# Subtest: native object implementation fields stay private; public case-collision APIs remain callable
ok 363 - native object implementation fields stay private; public case-collision APIs remain callable
  ---
  duration_ms: 0.657822
  type: 'test'
  ...
# Subtest: sample normalizes and compiles: orders
ok 364 - sample normalizes and compiles: orders
  ---
  duration_ms: 15.56539
  type: 'test'
  ...
# Subtest: sample normalizes and compiles: calculator
ok 365 - sample normalizes and compiles: calculator
  ---
  duration_ms: 2.831121
  type: 'test'
  ...
# Subtest: sample normalizes and compiles: clock
ok 366 - sample normalizes and compiles: clock
  ---
  duration_ms: 0.962132
  type: 'test'
  ...
# Subtest: sample normalizes and compiles: graphics
ok 367 - sample normalizes and compiles: graphics
  ---
  duration_ms: 0.925837
  type: 'test'
  ...
# Subtest: sample normalizes and compiles: data
ok 368 - sample normalizes and compiles: data
  ---
  duration_ms: 1.450278
  type: 'test'
  ...
# Subtest: sample normalizes and compiles: controls
ok 369 - sample normalizes and compiles: controls
  ---
  duration_ms: 0.919828
  type: 'test'
  ...
# Subtest: sample normalizes and compiles: language
ok 370 - sample normalizes and compiles: language
  ---
  duration_ms: 1.260461
  type: 'test'
  ...
# Subtest: sample normalizes and compiles: events
ok 371 - sample normalizes and compiles: events
  ---
  duration_ms: 1.75717
  type: 'test'
  ...
# Subtest: sample normalizes and compiles: richtext
ok 372 - sample normalizes and compiles: richtext
  ---
  duration_ms: 1.273932
  type: 'test'
  ...
# Subtest: sample normalizes and compiles: compatibility
ok 373 - sample normalizes and compiles: compatibility
  ---
  duration_ms: 2.232027
  type: 'test'
  ...
# Subtest: project normalization does not mutate original values
ok 374 - project normalization does not mutate original values
  ---
  duration_ms: 0.215445
  type: 'test'
  ...
# Subtest: project rejects future schema and missing modules
ok 375 - project rejects future schema and missing modules
  ---
  duration_ms: 0.392902
  type: 'test'
  ...
# Subtest: project rejects duplicate and invalid module names
ok 376 - project rejects duplicate and invalid module names
  ---
  duration_ms: 0.492353
  type: 'test'
  ...
# Subtest: project repairs duplicate object IDs
ok 377 - project repairs duplicate object IDs
  ---
  duration_ms: 0.15248
  type: 'test'
  ...
# Subtest: project accepts distinct control-array indices and rejects duplicate indices
ok 378 - project accepts distinct control-array indices and rejects duplicate indices
  ---
  duration_ms: 0.208535
  type: 'test'
  ...
# Subtest: project rejects cycles, missing parents and invalid bounds
ok 379 - project rejects cycles, missing parents and invalid bounds
  ---
  duration_ms: 0.327304
  type: 'test'
  ...
# Subtest: all offered control types have serializable models
ok 380 - all offered control types have serializable models
  ---
  duration_ms: 0.606665
  type: 'test'
  ...
# Subtest: FRM values preserve apostrophes, quotes, comments, hex and resource offsets
ok 381 - FRM values preserve apostrophes, quotes, comments, hex and resource offsets
  ---
  duration_ms: 0.472553
  type: 'test'
  ...
# Subtest: native FRM round-trip preserves code, nested parent, fonts and menus
ok 382 - native FRM round-trip preserves code, nested parent, fonts and menus
  ---
  duration_ms: 2.069722
  type: 'test'
  ...
# Subtest: FRM missing End is diagnosed instead of silently truncating
ok 383 - FRM missing End is diagnosed instead of silently truncating
  ---
  duration_ms: 0.20603
  type: 'test'
  ...
# Subtest: VBP round-trip preserves startup, module and class file memberships
ok 384 - VBP round-trip preserves startup, module and class file memberships
  ---
  duration_ms: 0.508057
  type: 'test'
  ...
# Subtest: class source import strips wrapper and attributes without dropping code
ok 385 - class source import strips wrapper and attributes without dropping code
  ---
  duration_ms: 0.310589
  type: 'test'
  ...
# Subtest: lossless browser-project export/import keeps control state and assets
ok 386 - lossless browser-project export/import keeps control state and assets
  ---
  duration_ms: 0.92137
  type: 'test'
  ...
# Subtest: native-style source bundle imports and diagnoses unavailable references
ok 387 - native-style source bundle imports and diagnoses unavailable references
  ---
  duration_ms: 1.322245
  type: 'test'
  ...
# Subtest: missing VBP member has an explicit diagnostic
ok 388 - missing VBP member has an explicit diagnostic
  ---
  duration_ms: 0.928651
  type: 'test'
  ...
# Subtest: legacy Windows-1252 source is decoded with an explicit warning
ok 389 - legacy Windows-1252 source is decoded with an explicit warning
  ---
  duration_ms: 0.565683
  type: 'test'
  ...
# Subtest: ZIP STORE round-trip supports binary bytes and UTF-8 names
ok 390 - ZIP STORE round-trip supports binary bytes and UTF-8 names
  ---
  duration_ms: 0.839687
  type: 'test'
  ...
# Subtest: ZIP CRC matches the published CRC32 check value
ok 391 - ZIP CRC matches the published CRC32 check value
  ---
  duration_ms: 0.075113
  type: 'test'
  ...
# Subtest: ZIP rejects path traversal, drive and absolute names
ok 392 - ZIP rejects path traversal, drive and absolute names
  ---
  duration_ms: 0.183577
  type: 'test'
  ...
# Subtest: ZIP rejects corrupted payload and declared expansion limit
ok 393 - ZIP rejects corrupted payload and declared expansion limit
  ---
  duration_ms: 0.506975
  type: 'test'
  ...
# Subtest: ZIP accepts raw DEFLATE files produced by another implementation
ok 394 - ZIP accepts raw DEFLATE files produced by another implementation
  ---
  duration_ms: 20.345881
  type: 'test'
  ...
# Subtest: HTML exporter embeds source safely without script injection
ok 395 - HTML exporter embeds source safely without script injection
  ---
  duration_ms: 1.103745
  type: 'test'
  ...
# Subtest: HTML exporter rejects syntax errors instead of shipping a broken application
ok 396 - HTML exporter rejects syntax errors instead of shipping a broken application
  ---
  duration_ms: 0.261554
  type: 'test'
  ...
# Subtest: HTML exporter has no external script or style dependencies
ok 397 - HTML exporter has no external script or style dependencies
  ---
  duration_ms: 1.248884
  type: 'test'
  ...
# Subtest: syntax highlighting escapes HTML while preserving VB strings and comments
ok 398 - syntax highlighting escapes HTML while preserving VB strings and comments
  ---
  duration_ms: 0.413995
  type: 'test'
  ...
# Subtest: rename handles identifiers and event prefixes but preserves strings/comments
ok 399 - rename handles identifiers and event prefixes but preserves strings/comments
  ---
  duration_ms: 0.347164
  type: 'test'
  ...
# Subtest: procedure index retains source line numbers
ok 400 - procedure index retains source line numbers
  ---
  duration_ms: 0.339081
  type: 'test'
  ...
# Subtest: formatter correctly indents nested Select Case and If branches
ok 401 - formatter correctly indents nested Select Case and If branches
  ---
  duration_ms: 0.799105
  type: 'test'
  ...
# Subtest: undo/redo snapshots remain immutable and discard redo after branching
ok 402 - undo/redo snapshots remain immutable and discard redo after branching
  ---
  duration_ms: 0.279151
  type: 'test'
  ...
# Subtest: source undo records only changed source, coalesces edits and composes with snapshots
ok 403 - source undo records only changed source, coalesces edits and composes with snapshots
  ---
  duration_ms: 0.204779
  type: 'test'
  ...
# Subtest: history honors count and approximate byte budgets
ok 404 - history honors count and approximate byte budgets
  ---
  duration_ms: 0.13239
  type: 'test'
  ...
# Subtest: signals unsubscribe listeners
ok 405 - signals unsubscribe listeners
  ---
  duration_ms: 0.11276
  type: 'test'
  ...
# Subtest: TreeView collection supports ordered nodes, expansion, removal and deep trees
ok 406 - TreeView collection supports ordered nodes, expansion, removal and deep trees
  ---
  duration_ms: 587.934878
  type: 'test'
  ...
# Subtest: ListView item mutation notifies and preserves indexed subitems
ok 407 - ListView item mutation notifies and preserves indexed subitems
  ---
  duration_ms: 0.355005
  type: 'test'
  ...
# Subtest: ControlArray reports sparse bounds and delegates Load and Unload
ok 408 - ControlArray reports sparse bounds and delegates Load and Unload
  ---
  duration_ms: 0.216757
  type: 'test'
  ...
# Subtest: project normalization preserves stable IDs across repeated loads
ok 409 - project normalization preserves stable IDs across repeated loads
  ---
  duration_ms: 0.728439
  type: 'test'
  ...
# Subtest: exported generator and runtime version match the release package
ok 410 - exported generator and runtime version match the release package
  ---
  duration_ms: 0.916263
  type: 'test'
  ...
# Subtest: UDT assignment copies fields and fixed-length strings
ok 411 - UDT assignment copies fields and fixed-length strings
  ---
  duration_ms: 13.454136
  type: 'test'
  ...
# Subtest: nested UDTs and fixed member arrays are copied independently
ok 412 - nested UDTs and fixed member arrays are copied independently
  ---
  duration_ms: 3.103332
  type: 'test'
  ...
# Subtest: record assignment preserves existing ByRef field references
ok 413 - record assignment preserves existing ByRef field references
  ---
  duration_ms: 1.516127
  type: 'test'
  ...
# Subtest: record assignment preserves nested field aliases
ok 414 - record assignment preserves nested field aliases
  ---
  duration_ms: 1.525121
  type: 'test'
  ...
# Subtest: record arrays allocate independent typed elements and copy element assignments
ok 415 - record arrays allocate independent typed elements and copy element assignments
  ---
  duration_ms: 1.970172
  type: 'test'
  ...
# Subtest: dynamic record arrays preserve old fields and initialize only new elements
ok 416 - dynamic record arrays preserve old fields and initialize only new elements
  ---
  duration_ms: 1.747215
  type: 'test'
  ...
# Subtest: Erase resets fixed arrays of UDTs without losing field types
ok 417 - Erase resets fixed arrays of UDTs without losing field types
  ---
  duration_ms: 1.289976
  type: 'test'
  ...
# Subtest: fixed-length string arrays preserve declared width after assignments and Erase
ok 418 - fixed-length string arrays preserve declared width after assignments and Erase
  ---
  duration_ms: 1.529437
  type: 'test'
  ...
# Subtest: dynamic array assignment copies values and bounds
ok 419 - dynamic array assignment copies values and bounds
  ---
  duration_ms: 1.267963
  type: 'test'
  ...
# Subtest: Variant array assignment has independent contents
ok 420 - Variant array assignment has independent contents
  ---
  duration_ms: 1.141943
  type: 'test'
  ...
# Subtest: ByVal Variant array arguments operate on a value copy
ok 421 - ByVal Variant array arguments operate on a value copy
  ---
  duration_ms: 0.774708
  type: 'test'
  ...
# Subtest: ByRef arrays continue to share typed array elements
ok 422 - ByRef arrays continue to share typed array elements
  ---
  duration_ms: 0.723211
  type: 'test'
  ...
# Subtest: UDT functions return typed zero-initialized storage and copied records
ok 423 - UDT functions return typed zero-initialized storage and copied records
  ---
  duration_ms: 1.686624
  type: 'test'
  ...
# Subtest: ByVal record and typed array declarations are diagnosed, but ParamArray is valid
ok 424 - ByVal record and typed array declarations are diagnosed, but ParamArray is valid
  ---
  duration_ms: 0.500125
  type: 'test'
  ...
# Subtest: ByRef UDT mismatches fail rather than changing an unrelated record
ok 425 - ByRef UDT mismatches fail rather than changing an unrelated record
  ---
  duration_ms: 0.751404
  type: 'test'
  ...
# Subtest: UDT assignments reject different record types and scalars
ok 426 - UDT assignments reject different record types and scalars
  ---
  duration_ms: 1.172459
  type: 'test'
  ...
# Subtest: fixed-size array whole assignments and redimensioning fail explicitly
ok 427 - fixed-size array whole assignments and redimensioning fail explicitly
  ---
  duration_ms: 3.048479
  type: 'test'
  ...
# Subtest: typed array assignments reject incompatible element types
ok 428 - typed array assignments reject incompatible element types
  ---
  duration_ms: 0.811645
  type: 'test'
  ...
# Subtest: ReDim failure leaves bounds and data unchanged
ok 429 - ReDim failure leaves bounds and data unchanged
  ---
  duration_ms: 0.415997
  type: 'test'
  ...
# Subtest: cloning array values does not clone actual object references
ok 430 - cloning array values does not clone actual object references
  ---
  duration_ms: 0.625404
  type: 'test'
  ...
# Subtest: copying malformed same-name records is atomic
ok 431 - copying malformed same-name records is atomic
  ---
  duration_ms: 0.376288
  type: 'test'
  ...
# Subtest: UDTs are values, not assignable Object references
ok 432 - UDTs are values, not assignable Object references
  ---
  duration_ms: 0.142735
  type: 'test'
  ...
# Subtest: arrays of UDTs encode and decode as typed records with no spurious descriptors
ok 433 - arrays of UDTs encode and decode as typed records with no spurious descriptors
  ---
  duration_ms: 3.415142
  type: 'test'
  ...
# Subtest: Random arrays of UDTs retain descriptors and element factories
ok 434 - Random arrays of UDTs retain descriptors and element factories
  ---
  duration_ms: 2.481433
  type: 'test'
  ...
# Subtest: records with fixed-length string arrays use raw fixed-width bytes
ok 435 - records with fixed-length string arrays use raw fixed-width bytes
  ---
  duration_ms: 1.811202
  type: 'test'
  ...
# Subtest: array rank and Long subscript bounds are checked before allocation
ok 436 - array rank and Long subscript bounds are checked before allocation
  ---
  duration_ms: 0.338361
  type: 'test'
  ...
# Subtest: multidimensional array enumeration visits the first dimension fastest
ok 437 - multidimensional array enumeration visits the first dimension fastest
  ---
  duration_ms: 0.313292
  type: 'test'
  ...
# Subtest: IsObject excludes Currency and record values but includes Nothing references
ok 438 - IsObject excludes Currency and record values but includes Nothing references
  ---
  duration_ms: 1.387994
  type: 'test'
  ...
# Subtest: FRX text8 round-trip decodes Windows-1252 text
ok 439 - FRX text8 round-trip decodes Windows-1252 text
  ---
  duration_ms: 1.456467
  type: 'test'
  ...
# Subtest: FRX text16 round-trip decodes Windows-1252 text
ok 440 - FRX text16 round-trip decodes Windows-1252 text
  ---
  duration_ms: 0.149966
  type: 'test'
  ...
# Subtest: FRX text32 round-trip decodes Windows-1252 text
ok 441 - FRX text32 round-trip decodes Windows-1252 text
  ---
  duration_ms: 0.124278
  type: 'test'
  ...
# Subtest: FRX text writers upgrade undersized headers
ok 442 - FRX text writers upgrade undersized headers
  ---
  duration_ms: 6.312372
  type: 'test'
  ...
# Subtest: FRX pictures preserve byte layout, exact length, and raster bytes
ok 443 - FRX pictures preserve byte layout, exact length, and raster bytes
  ---
  duration_ms: 1.430678
  type: 'test'
  ...
# Subtest: FRX list records retain empty entries, extended characters and signature
ok 444 - FRX list records retain empty entries, extended characters and signature
  ---
  duration_ms: 0.287744
  type: 'test'
  ...
# Subtest: FRX rejects overrun, mismatched length, and malformed lists without unsafe reads
ok 445 - FRX rejects overrun, mismatched length, and malformed lists without unsafe reads
  ---
  duration_ms: 0.486003
  type: 'test'
  ...
# Subtest: FRX rejects invalid offsets and unsafe embedded URLs
ok 446 - FRX rejects invalid offsets and unsafe embedded URLs
  ---
  duration_ms: 0.288566
  type: 'test'
  ...
# Subtest: FRX DIB records become valid BMP wrappers with palette offset
ok 447 - FRX DIB records become valid BMP wrappers with palette offset
  ---
  duration_ms: 0.321605
  type: 'test'
  ...
# Subtest: resource references preserve dollar-text prefix and escaped names
ok 448 - resource references preserve dollar-text prefix and escaped names
  ---
  duration_ms: 0.603451
  type: 'test'
  ...
# Subtest: project paths resolve relative and case-insensitive references without ambiguity
ok 449 - project paths resolve relative and case-insensitive references without ambiguity
  ---
  duration_ms: 0.543409
  type: 'test'
  ...
# Subtest: project paths reject traversal outside the root and absolute targets
ok 450 - project paths reject traversal outside the root and absolute targets
  ---
  duration_ms: 0.185731
  type: 'test'
  ...
# Subtest: FRX import hydrates text and preserves native bytes/reference on unchanged export
ok 451 - FRX import hydrates text and preserves native bytes/reference on unchanged export
  ---
  duration_ms: 3.214929
  type: 'test'
  ...
# Subtest: edited FRX text appends a new record and leaves every original byte unchanged
ok 452 - edited FRX text appends a new record and leaves every original byte unchanged
  ---
  duration_ms: 1.363517
  type: 'test'
  ...
# Subtest: FRX List edits do not mutate the resource baseline or lose native export
ok 453 - FRX List edits do not mutate the resource baseline or lose native export
  ---
  duration_ms: 1.147301
  type: 'test'
  ...
# Subtest: FRX pictures hydrate as offline data URLs and survive exact native round-trip
ok 454 - FRX pictures hydrate as offline data URLs and survive exact native round-trip
  ---
  duration_ms: 0.493775
  type: 'test'
  ...
# Subtest: unknown resource records remain opaque with useful diagnostics and unmodified bytes
ok 455 - unknown resource records remain opaque with useful diagnostics and unmodified bytes
  ---
  duration_ms: 0.519533
  type: 'test'
  ...
# Subtest: missing and corrupt FRX records produce warnings rather than corrupting source metadata
ok 456 - missing and corrupt FRX records produce warnings rather than corrupting source metadata
  ---
  duration_ms: 0.428967
  type: 'test'
  ...
# Subtest: native export writes newly designed multiline text, list and picture FRX entries
ok 457 - native export writes newly designed multiline text, list and picture FRX entries
  ---
  duration_ms: 1.784082
  type: 'test'
  ...
# Subtest: import respects VBP membership, native nested paths and raw metadata
ok 458 - import respects VBP membership, native nested paths and raw metadata
  ---
  duration_ms: 0.627717
  type: 'test'
  ...
# Subtest: native source retains module/member attributes and class header options
ok 459 - native source retains module/member attributes and class header options
  ---
  duration_ms: 0.661148
  type: 'test'
  ...
# Subtest: FRM nested property groups and OCX declarations survive serialization
ok 460 - FRM nested property groups and OCX declarations survive serialization
  ---
  duration_ms: 0.290719
  type: 'test'
  ...
# Subtest: legacy native source exports in its original Windows-1252 encoding
ok 461 - legacy native source exports in its original Windows-1252 encoding
  ---
  duration_ms: 0.614237
  type: 'test'
  ...
# Subtest: case-only duplicate paths are rejected before interpretation
ok 462 - case-only duplicate paths are rejected before interpretation
  ---
  duration_ms: 0.23816
  type: 'test'
  ...
# Subtest: resource aggregate preserves multiple adjacent records and offsets
ok 463 - resource aggregate preserves multiple adjacent records and offsets
  ---
  duration_ms: 0.168985
  type: 'test'
  ...
# Subtest: RTF preserves original byte characters while unchanged
ok 464 - RTF preserves original byte characters while unchanged
  ---
  duration_ms: 1.858173
  type: 'test'
  ...
# Subtest: RTF Unicode fallbacks, signed surrogates, CRLF and tabs preserve UTF-16 indices
ok 465 - RTF Unicode fallbacks, signed surrogates, CRLF and tabs preserve UTF-16 indices
  ---
  duration_ms: 0.429178
  type: 'test'
  ...
# Subtest: RTF nested group formatting restores the enclosing character state
ok 466 - RTF nested group formatting restores the enclosing character state
  ---
  duration_ms: 0.327635
  type: 'test'
  ...
# Subtest: RTF multiple fallback bytes and escaped fallback symbols are skipped exactly
ok 467 - RTF multiple fallback bytes and escaped fallback symbols are skipped exactly
  ---
  duration_ms: 0.32492
  type: 'test'
  ...
# Subtest: RTF font table default, font switching, Unicode font names and plain reset
ok 468 - RTF font table default, font switching, Unicode font names and plain reset
  ---
  duration_ms: 0.359482
  type: 'test'
  ...
# Subtest: RTF color table, half point sizes, strike, underline and hidden text
ok 469 - RTF color table, half point sizes, strike, underline and hidden text
  ---
  duration_ms: 0.686205
  type: 'test'
  ...
# Subtest: RTF paragraph alignment and indentation restore with pard
ok 470 - RTF paragraph alignment and indentation restore with pard
  ---
  duration_ms: 0.173602
  type: 'test'
  ...
# Subtest: RTF Windows-1251, Shift-JIS and font-level charsets decode contiguous bytes
ok 471 - RTF Windows-1251, Shift-JIS and font-level charsets decode contiguous bytes
  ---
  duration_ms: 0.355265
  type: 'test'
  ...
# Subtest: RTF unknown destinations and OLE/binary groups cannot become active content
ok 472 - RTF unknown destinations and OLE/binary groups cannot become active content
  ---
  duration_ms: 0.94787
  type: 'test'
  ...
# Subtest: RTF unsupported structures remain warned, and failure to export is not destructive
ok 473 - RTF unsupported structures remain warned, and failure to export is not destructive
  ---
  duration_ms: 0.574817
  type: 'test'
  ...
# Subtest: RTF rejects invalid header without running content
ok 474 - RTF rejects invalid header without running content
  ---
  duration_ms: 0.149346
  type: 'test'
  ...
# Subtest: RTF rejects invalid unclosed without running content
ok 475 - RTF rejects invalid unclosed without running content
  ---
  duration_ms: 0.091228
  type: 'test'
  ...
# Subtest: RTF rejects invalid extra without running content
ok 476 - RTF rejects invalid extra without running content
  ---
  duration_ms: 0.117807
  type: 'test'
  ...
# Subtest: RTF rejects invalid roots without running content
ok 477 - RTF rejects invalid roots without running content
  ---
  duration_ms: 0.595899
  type: 'test'
  ...
# Subtest: RTF rejects invalid suffix without running content
ok 478 - RTF rejects invalid suffix without running content
  ---
  duration_ms: 0.093851
  type: 'test'
  ...
# Subtest: RTF rejects invalid hex without running content
ok 479 - RTF rejects invalid hex without running content
  ---
  duration_ms: 0.05972
  type: 'test'
  ...
# Subtest: RTF rejects invalid binary without running content
ok 480 - RTF rejects invalid binary without running content
  ---
  duration_ms: 0.057006
  type: 'test'
  ...
# Subtest: RTF rejects invalid unicode without running content
ok 481 - RTF rejects invalid unicode without running content
  ---
  duration_ms: 0.058168
  type: 'test'
  ...
# Subtest: RTF rejects invalid fallback without running content
ok 482 - RTF rejects invalid fallback without running content
  ---
  duration_ms: 0.131248
  type: 'test'
  ...
# Subtest: RTF rejects invalid size without running content
ok 483 - RTF rejects invalid size without running content
  ---
  duration_ms: 0.071919
  type: 'test'
  ...
# Subtest: RTF rejects invalid color without running content
ok 484 - RTF rejects invalid color without running content
  ---
  duration_ms: 0.064448
  type: 'test'
  ...
# Subtest: RTF rejects invalid codepage without running content
ok 485 - RTF rejects invalid codepage without running content
  ---
  duration_ms: 0.057887
  type: 'test'
  ...
# Subtest: RTF group nesting and source size limits reject unbounded input
ok 486 - RTF group nesting and source size limits reject unbounded input
  ---
  duration_ms: 0.153441
  type: 'test'
  ...
# Subtest: Rich text CRLF normalization happens at input, not during range slicing
ok 487 - Rich text CRLF normalization happens at input, not during range slicing
  ---
  duration_ms: 0.199551
  type: 'test'
  ...
# Subtest: Rich text insertion, removal and formatting keep adjacent styles and merge runs
ok 488 - Rich text insertion, removal and formatting keep adjacent styles and merge runs
  ---
  duration_ms: 0.222415
  type: 'test'
  ...
# Subtest: Rich text range and length errors leave the document unchanged
ok 489 - Rich text range and length errors leave the document unchanged
  ---
  duration_ms: 2.44608
  type: 'test'
  ...
# Subtest: Rich text paragraph formatting uses full paragraphs without touching the next boundary
ok 490 - Rich text paragraph formatting uses full paragraphs without touching the next boundary
  ---
  duration_ms: 0.505743
  type: 'test'
  ...
# Subtest: Rich text empty and final empty paragraph formatting survives RTF export
ok 491 - Rich text empty and final empty paragraph formatting survives RTF export
  ---
  duration_ms: 0.433014
  type: 'test'
  ...
# Subtest: Rich text snapshot restores text, formatting, original RTF, tail style and warnings
ok 492 - Rich text snapshot restores text, formatting, original RTF, tail style and warnings
  ---
  duration_ms: 0.296147
  type: 'test'
  ...
# Subtest: RTF edited writer round-trips Unicode, escaping and every supported style
ok 493 - RTF edited writer round-trips Unicode, escaping and every supported style
  ---
  duration_ms: 0.632824
  type: 'test'
  ...
# Subtest: RTF writer is deterministic over independently constructed equal runs
ok 494 - RTF writer is deterministic over independently constructed equal runs
  ---
  duration_ms: 0.221715
  type: 'test'
  ...
# Subtest: RichTextBox constants match file types, alignment and search bit flags
ok 495 - RichTextBox constants match file types, alignment and search bit flags
  ---
  duration_ms: 0.087132
  type: 'test'
  ...
# Subtest: DateAdd year clamps 2024-02-29 1
ok 496 - DateAdd year clamps 2024-02-29 1
  ---
  duration_ms: 2.527463
  type: 'test'
  ...
# Subtest: DateAdd year clamps 2024-02-29 -4
ok 497 - DateAdd year clamps 2024-02-29 -4
  ---
  duration_ms: 0.274905
  type: 'test'
  ...
# Subtest: DateAdd year clamps 2024-01-31 1
ok 498 - DateAdd year clamps 2024-01-31 1
  ---
  duration_ms: 0.166721
  type: 'test'
  ...
# Subtest: DateAdd m 2024-01-31 1
ok 499 - DateAdd m 2024-01-31 1
  ---
  duration_ms: 0.175345
  type: 'test'
  ...
# Subtest: DateAdd m 2023-03-31 -1
ok 500 - DateAdd m 2023-03-31 -1
  ---
  duration_ms: 0.281334
  type: 'test'
  ...
# Subtest: DateAdd q 2024-11-30 1
ok 501 - DateAdd q 2024-11-30 1
  ---
  duration_ms: 0.176786
  type: 'test'
  ...
# Subtest: DateAdd d 2024-02-28 1
ok 502 - DateAdd d 2024-02-28 1
  ---
  duration_ms: 0.250248
  type: 'test'
  ...
# Subtest: DateAdd w 2024-02-28 1
ok 503 - DateAdd w 2024-02-28 1
  ---
  duration_ms: 0.120963
  type: 'test'
  ...
# Subtest: DateAdd rounds amount ties-to-even
ok 504 - DateAdd rounds amount ties-to-even
  ---
  duration_ms: 0.639465
  type: 'test'
  ...
# Subtest: DateDiff counts yyyy boundaries
ok 505 - DateDiff counts yyyy boundaries
  ---
  duration_ms: 0.599074
  type: 'test'
  ...
# Subtest: DateDiff counts q boundaries
ok 506 - DateDiff counts q boundaries
  ---
  duration_ms: 0.186141
  type: 'test'
  ...
# Subtest: DateDiff counts m boundaries
ok 507 - DateDiff counts m boundaries
  ---
  duration_ms: 0.135114
  type: 'test'
  ...
# Subtest: DateDiff counts d boundaries
ok 508 - DateDiff counts d boundaries
  ---
  duration_ms: 0.157688
  type: 'test'
  ...
# Subtest: DateDiff counts h boundaries
ok 509 - DateDiff counts h boundaries
  ---
  duration_ms: 0.111298
  type: 'test'
  ...
# Subtest: DateDiff counts n boundaries
ok 510 - DateDiff counts n boundaries
  ---
  duration_ms: 0.15247
  type: 'test'
  ...
# Subtest: DateDiff counts s boundaries
ok 511 - DateDiff counts s boundaries
  ---
  duration_ms: 0.090607
  type: 'test'
  ...
# Subtest: DateDiff weekday is distinct from calendar week
ok 512 - DateDiff weekday is distinct from calendar week
  ---
  duration_ms: 0.148604
  type: 'test'
  ...
# Subtest: DatePart all supported intervals
ok 513 - DatePart all supported intervals
  ---
  duration_ms: 0.363218
  type: 'test'
  ...
# Subtest: DatePart week rules handle previous-year first days
ok 514 - DatePart week rules handle previous-year first days
  ---
  duration_ms: 0.130407
  type: 'test'
  ...
# Subtest: OLE DATE fractional conversion -1.25
ok 515 - OLE DATE fractional conversion -1.25
  ---
  duration_ms: 0.18555
  type: 'test'
  ...
# Subtest: OLE DATE fractional conversion -2.5
ok 516 - OLE DATE fractional conversion -2.5
  ---
  duration_ms: 0.081472
  type: 'test'
  ...
# Subtest: OLE DATE fractional conversion -0.5
ok 517 - OLE DATE fractional conversion -0.5
  ---
  duration_ms: 0.06598
  type: 'test'
  ...
# Subtest: OLE DATE fractional conversion 0
ok 518 - OLE DATE fractional conversion 0
  ---
  duration_ms: 0.059029
  type: 'test'
  ...
# Subtest: OLE DATE fractional conversion 2.25
ok 519 - OLE DATE fractional conversion 2.25
  ---
  duration_ms: 0.115614
  type: 'test'
  ...
# Subtest: OLE dates at year 100/9999 boundaries and overflow
ok 520 - OLE dates at year 100/9999 boundaries and overflow
  ---
  duration_ms: 0.5307
  type: 'test'
  ...
# Subtest: DateSerial rollover and TimeSerial normalization
ok 521 - DateSerial rollover and TimeSerial normalization
  ---
  duration_ms: 0.222145
  type: 'test'
  ...
# Subtest: time-only CDate uses OLE epoch and AM/PM
ok 522 - time-only CDate uses OLE epoch and AM/PM
  ---
  duration_ms: 0.492763
  type: 'test'
  ...
# Subtest: Weekday and localized-name defaults have bounded arguments
ok 523 - Weekday and localized-name defaults have bounded arguments
  ---
  duration_ms: 16.74554
  type: 'test'
  ...
# Subtest: Date conversion rejects invalid civil dates without normalizing them
ok 524 - Date conversion rejects invalid civil dates without normalizing them
  ---
  duration_ms: 0.468166
  type: 'test'
  ...
# Subtest: civil calculations work across Warsaw daylight-saving boundary
ok 525 - civil calculations work across Warsaw daylight-saving boundary
  ---
  duration_ms: 30.838469
  type: 'test'
  ...
# Subtest: date literals and source functions use civil date parsing
ok 526 - date literals and source functions use civil date parsing
  ---
  duration_ms: 12.844295
  type: 'test'
  ...
# Subtest: calendar named arguments and week constants
ok 527 - calendar named arguments and week constants
  ---
  duration_ms: 1.884583
  type: 'test'
  ...
# Subtest: IsDate and IsNumeric reject Null/Nothing/Error
ok 528 - IsDate and IsNumeric reject Null/Nothing/Error
  ---
  duration_ms: 3.113877
  type: 'test'
  ...
# Subtest: CVErr remains a Variant Error with explicit conversions
ok 529 - CVErr remains a Variant Error with explicit conversions
  ---
  duration_ms: 3.406478
  type: 'test'
  ...
# Subtest: implicit Error conversion rejects String
ok 530 - implicit Error conversion rejects String
  ---
  duration_ms: 0.210778
  type: 'test'
  ...
# Subtest: implicit Error conversion rejects Long
ok 531 - implicit Error conversion rejects Long
  ---
  duration_ms: 0.088974
  type: 'test'
  ...
# Subtest: implicit Error conversion rejects Integer
ok 532 - implicit Error conversion rejects Integer
  ---
  duration_ms: 0.081563
  type: 'test'
  ...
# Subtest: implicit Error conversion rejects Double
ok 533 - implicit Error conversion rejects Double
  ---
  duration_ms: 0.078849
  type: 'test'
  ...
# Subtest: implicit Error conversion rejects Date
ok 534 - implicit Error conversion rejects Date
  ---
  duration_ms: 0.129185
  type: 'test'
  ...
# Subtest: implicit Error conversion rejects Object
ok 535 - implicit Error conversion rejects Object
  ---
  duration_ms: 0.077087
  type: 'test'
  ...
# Subtest: Error arithmetic and comparisons reject implicit coercion
ok 536 - Error arithmetic and comparisons reject implicit coercion
  ---
  duration_ms: 0.527295
  type: 'test'
  ...
# Subtest: CVErr range and integral rounding
ok 537 - CVErr range and integral rounding
  ---
  duration_ms: 0.172731
  type: 'test'
  ...
# Subtest: Error variants survive typed binary Get/Put
ok 538 - Error variants survive typed binary Get/Put
  ---
  duration_ms: 0.706245
  type: 'test'
  ...
# Subtest: negative fractional dates survive typed binary Get/Put
ok 539 - negative fractional dates survive typed binary Get/Put
  ---
  duration_ms: 0.17249
  type: 'test'
  ...
# Subtest: CallByName dispatches methods, fields and indexed properties
ok 540 - CallByName dispatches methods, fields and indexed properties
  ---
  duration_ms: 6.322037
  type: 'test'
  ...
# Subtest: CallByName vbSet preserves identity and Nothing
ok 541 - CallByName vbSet preserves identity and Nothing
  ---
  duration_ms: 2.754465
  type: 'test'
  ...
# Subtest: CallByName native dictionary methods and indexed property
ok 542 - CallByName native dictionary methods and indexed property
  ---
  duration_ms: 1.579032
  type: 'test'
  ...
# Subtest: strict dispatch rejects Debug.Print b.hidden
ok 543 - strict dispatch rejects Debug.Print b.hidden
  ---
  duration_ms: 1.276996
  type: 'test'
  ...
# Subtest: strict dispatch rejects b.hidden = 3
ok 544 - strict dispatch rejects b.hidden = 3
  ---
  duration_ms: 1.709669
  type: 'test'
  ...
# Subtest: strict dispatch rejects Debug.Print b.Secret()
ok 545 - strict dispatch rejects Debug.Print b.Secret()
  ---
  duration_ms: 0.872817
  type: 'test'
  ...
# Subtest: strict dispatch rejects Debug.Print CallByName(b, "hidden", vbGet)
ok 546 - strict dispatch rejects Debug.Print CallByName(b, "hidden", vbGet)
  ---
  duration_ms: 0.877294
  type: 'test'
  ...
# Subtest: strict dispatch rejects Debug.Print CallByName(b, "Secret", vbMethod)
ok 547 - strict dispatch rejects Debug.Print CallByName(b, "Secret", vbMethod)
  ---
  duration_ms: 1.194452
  type: 'test'
  ...
# Subtest: strict dispatch rejects CallByName b, "Missing", vbLet, 2
ok 548 - strict dispatch rejects CallByName b, "Missing", vbLet, 2
  ---
  duration_ms: 0.895561
  type: 'test'
  ...
# Subtest: strict dispatch rejects CallByName b, "Value", vbMethod
ok 549 - strict dispatch rejects CallByName b, "Value", vbMethod
  ---
  duration_ms: 0.850523
  type: 'test'
  ...
# Subtest: strict dispatch rejects CallByName b, "Multiply", vbGet, 2
ok 550 - strict dispatch rejects CallByName b, "Multiply", vbGet, 2
  ---
  duration_ms: 0.922021
  type: 'test'
  ...
# Subtest: strict dispatch rejects CallByName b, "Value", 99, 1
ok 551 - strict dispatch rejects CallByName b, "Value", 99, 1
  ---
  duration_ms: 1.676138
  type: 'test'
  ...
# Subtest: strict dispatch rejects CallByName b, "Child", vbSet, 2
ok 552 - strict dispatch rejects CallByName b, "Child", vbSet, 2
  ---
  duration_ms: 0.823933
  type: 'test'
  ...
# Subtest: strict dispatch rejects CallByName b, "Child", vbLet, 2
ok 553 - strict dispatch rejects CallByName b, "Child", vbLet, 2
  ---
  duration_ms: 0.805926
  type: 'test'
  ...
# Subtest: strict dispatch rejects CallByName b, "Value", vbGet, 2
ok 554 - strict dispatch rejects CallByName b, "Value", vbGet, 2
  ---
  duration_ms: 0.667417
  type: 'test'
  ...
# Subtest: strict dispatch rejects Debug.Print CallByName(Nothing,"X",vbGet)
ok 555 - strict dispatch rejects Debug.Print CallByName(Nothing,"X",vbGet)
  ---
  duration_ms: 0.796782
  type: 'test'
  ...
# Subtest: strict dispatch rejects Debug.Print CallByName(3,"X",vbGet)
ok 556 - strict dispatch rejects Debug.Print CallByName(3,"X",vbGet)
  ---
  duration_ms: 1.131987
  type: 'test'
  ...
# Subtest: strict dispatch rejects Debug.Print CallByName(b,"constructor",vbMethod)
ok 557 - strict dispatch rejects Debug.Print CallByName(b,"constructor",vbMethod)
  ---
  duration_ms: 0.805886
  type: 'test'
  ...
# Subtest: strict dispatch rejects Debug.Print CallByName(b,"__proto__",vbGet)
ok 558 - strict dispatch rejects Debug.Print CallByName(b,"__proto__",vbGet)
  ---
  duration_ms: 0.870323
  type: 'test'
  ...
# Subtest: strict dispatch rejects Debug.Print CallByName(b,"_runtime",vbGet)
ok 559 - strict dispatch rejects Debug.Print CallByName(b,"_runtime",vbGet)
  ---
  duration_ms: 1.457188
  type: 'test'
  ...
# Subtest: Private module fields are invisible across modules
ok 560 - Private module fields are invisible across modules
  ---
  duration_ms: 0.499673
  type: 'test'
  ...
# Subtest: Public module fields remain accessible
ok 561 - Public module fields remain accessible
  ---
  duration_ms: 0.492984
  type: 'test'
  ...
# Subtest: same class code can access Private fields of peer instances
ok 562 - same class code can access Private fields of peer instances
  ---
  duration_ms: 0.774799
  type: 'test'
  ...
# Subtest: Error variants cannot be truth values
ok 563 - Error variants cannot be truth values
  ---
  duration_ms: 0.713696
  type: 'test'
  ...
# Subtest: TypeOf rejects Variant Error rather than treating it as an object
ok 564 - TypeOf rejects Variant Error rather than treating it as an object
  ---
  duration_ms: 0.580616
  type: 'test'
  ...
# Subtest: indexed private property setter cannot bypass public getter visibility
ok 565 - indexed private property setter cannot bypass public getter visibility
  ---
  duration_ms: 0.830363
  type: 'test'
  ...
# Subtest: three named deterministic palettes; no unsafe theme identifiers
ok 566 - three named deterministic palettes; no unsafe theme identifiers
  ---
  duration_ms: 1.079198
  type: 'test'
  ...
# Subtest: Win32 system colors resolve all 31 slots in each palette
ok 567 - Win32 system colors resolve all 31 slots in each palette
  ---
  duration_ms: 0.706516
  type: 'test'
  ...
# Subtest: signed and unsigned OLE system colors resolve identically
ok 568 - signed and unsigned OLE system colors resolve identically
  ---
  duration_ms: 0.105018
  type: 'test'
  ...
# Subtest: authored RGB literals do not change between themes
ok 569 - authored RGB literals do not change between themes
  ---
  duration_ms: 0.898675
  type: 'test'
  ...
# Subtest: DOM colors reference semantic system variables; invalid values use fallback
ok 570 - DOM colors reference semantic system variables; invalid values use fallback
  ---
  duration_ms: 0.211509
  type: 'test'
  ...
# Subtest: font fallback preserves locally installed MS Sans Serif rather than replacing it with Arial
ok 571 - font fallback preserves locally installed MS Sans Serif rather than replacing it with Arial
  ---
  duration_ms: 0.213842
  type: 'test'
  ...
# Subtest: appearance input is allow-listed and classic defaults hide modern document/debug tabs
ok 572 - appearance input is allow-listed and classic defaults hide modern document/debug tabs
  ---
  duration_ms: 0.247543
  type: 'test'
  ...
# Subtest: all intrinsic and extended toolbox entries have font-independent glyphs
ok 573 - all intrinsic and extended toolbox entries have font-independent glyphs
  ---
  duration_ms: 0.20517
  type: 'test'
  ...
# Subtest: Currency exact decimal 922337203685477.5807
ok 574 - Currency exact decimal 922337203685477.5807
  ---
  duration_ms: 1.574536
  type: 'test'
  ...
# Subtest: Currency exact decimal -922337203685477.5808
ok 575 - Currency exact decimal -922337203685477.5808
  ---
  duration_ms: 0.173641
  type: 'test'
  ...
# Subtest: Currency exact decimal 0.0001
ok 576 - Currency exact decimal 0.0001
  ---
  duration_ms: 0.181834
  type: 'test'
  ...
# Subtest: Currency exact decimal -0.0001
ok 577 - Currency exact decimal -0.0001
  ---
  duration_ms: 0.085328
  type: 'test'
  ...
# Subtest: Currency exact decimal 123456789012345.1234
ok 578 - Currency exact decimal 123456789012345.1234
  ---
  duration_ms: 0.075784
  type: 'test'
  ...
# Subtest: Currency exact decimal 0
ok 579 - Currency exact decimal 0
  ---
  duration_ms: 0.068102
  type: 'test'
  ...
# Subtest: Currency exact decimal 1.23
ok 580 - Currency exact decimal 1.23
  ---
  duration_ms: 0.111468
  type: 'test'
  ...
# Subtest: Currency decimal rounding 1.23445
ok 581 - Currency decimal rounding 1.23445
  ---
  duration_ms: 0.124909
  type: 'test'
  ...
# Subtest: Currency decimal rounding 1.23455
ok 582 - Currency decimal rounding 1.23455
  ---
  duration_ms: 0.239722
  type: 'test'
  ...
# Subtest: Currency decimal rounding -1.23445
ok 583 - Currency decimal rounding -1.23445
  ---
  duration_ms: 0.340053
  type: 'test'
  ...
# Subtest: Currency decimal rounding -1.23455
ok 584 - Currency decimal rounding -1.23455
  ---
  duration_ms: 0.142856
  type: 'test'
  ...
# Subtest: Currency decimal rounding 1.23456e2
ok 585 - Currency decimal rounding 1.23456e2
  ---
  duration_ms: 0.055574
  type: 'test'
  ...
# Subtest: Currency decimal rounding .00005
ok 586 - Currency decimal rounding .00005
  ---
  duration_ms: 0.048333
  type: 'test'
  ...
# Subtest: Currency decimal rounding .00015
ok 587 - Currency decimal rounding .00015
  ---
  duration_ms: 0.040341
  type: 'test'
  ...
# Subtest: Currency rejects both range overflows
ok 588 - Currency rejects both range overflows
  ---
  duration_ms: 0.408356
  type: 'test'
  ...
# Subtest: Currency multiplication retains integer precision and ties to even
ok 589 - Currency multiplication retains integer precision and ties to even
  ---
  duration_ms: 0.344189
  type: 'test'
  ...
# Subtest: Currency comparisons distinguish adjacent units at the upper range
ok 590 - Currency comparisons distinguish adjacent units at the upper range
  ---
  duration_ms: 0.126561
  type: 'test'
  ...
# Subtest: Currency unary and checked arithmetic do not silently overflow
ok 591 - Currency unary and checked arithmetic do not silently overflow
  ---
  duration_ms: 0.150958
  type: 'test'
  ...
# Subtest: Currency literals and library functions execute without IEEE conversion
ok 592 - Currency literals and library functions execute without IEEE conversion
  ---
  duration_ms: 11.464093
  type: 'test'
  ...
# Subtest: Null concatenation and implication have explicit three-valued results
ok 593 - Null concatenation and implication have explicit three-valued results
  ---
  duration_ms: 0.087802
  type: 'test'
  ...
# Subtest: Nothing is distinct from Null, Empty, and non-object operands
ok 594 - Nothing is distinct from Null, Empty, and non-object operands
  ---
  duration_ms: 2.089743
  type: 'test'
  ...
# Subtest: As New is lazy, aliases retain objects and Nothing triggers recreation
ok 595 - As New is lazy, aliases retain objects and Nothing triggers recreation
  ---
  duration_ms: 2.844201
  type: 'test'
  ...
# Subtest: fixed strings pad and truncate at assignments
ok 596 - fixed strings pad and truncate at assignments
  ---
  duration_ms: 0.916733
  type: 'test'
  ...
# Subtest: conditional compilation skips unavailable native code and preserves lines
ok 597 - conditional compilation skips unavailable native code and preserves lines
  ---
  duration_ms: 1.691221
  type: 'test'
  ...
# Subtest: project conditional constants and nested dead branches
ok 598 - project conditional constants and nested dead branches
  ---
  duration_ms: 0.982071
  type: 'test'
  ...
# Subtest: conditional structure rejects \#Else
ok 599 - conditional structure rejects \#Else
  ---
  duration_ms: 0.138179
  type: 'test'
  ...
# Subtest: conditional structure rejects \#End If
ok 600 - conditional structure rejects \#End If
  ---
  duration_ms: 0.183937
  type: 'test'
  ...
# Subtest: conditional structure rejects \#If True Then
ok 601 - conditional structure rejects \#If True Then
  ---
  duration_ms: 0.179281
  type: 'test'
  ...
# Subtest: conditional structure rejects \#If True Then / \#Else / \#Else / \#End If
ok 602 - conditional structure rejects \#If True Then / \#Else / \#Else / \#End If
  ---
  duration_ms: 0.093691
  type: 'test'
  ...
# Subtest: conditional structure rejects \#If Now() Then / \#End If
ok 603 - conditional structure rejects \#If Now() Then / \#End If
  ---
  duration_ms: 0.113221
  type: 'test'
  ...
# Subtest: MDI geometry: clamp negative origin
ok 604 - MDI geometry: clamp negative origin
  ---
  duration_ms: 1.312049
  type: 'test'
  ...
# Subtest: MDI geometry: clamp oversized bounds
ok 605 - MDI geometry: clamp oversized bounds
  ---
  duration_ms: 0.097237
  type: 'test'
  ...
# Subtest: MDI geometry: respect normal minimums
ok 606 - MDI geometry: respect normal minimums
  ---
  duration_ms: 0.133151
  type: 'test'
  ...
# Subtest: MDI geometry: fit very narrow workspace
ok 607 - MDI geometry: fit very narrow workspace
  ---
  duration_ms: 0.071849
  type: 'test'
  ...
# Subtest: MDI geometry: round stable pixel bounds
ok 608 - MDI geometry: round stable pixel bounds
  ---
  duration_ms: 0.118468
  type: 'test'
  ...
# Subtest: MDI tiled children can be smaller than manual resize minimum
ok 609 - MDI tiled children can be smaller than manual resize minimum
  ---
  duration_ms: 0.109655
  type: 'test'
  ...
# Subtest: scroll thumb endpoints, middle, and short tracks
ok 610 - scroll thumb endpoints, middle, and short tracks
  ---
  duration_ms: 0.210047
  type: 'test'
  ...
# Subtest: scroll reversed and negative ranges preserve direction
ok 611 - scroll reversed and negative ranges preserve direction
  ---
  duration_ms: 0.101683
  type: 'test'
  ...
# Subtest: scroll thumb clamps out-of-range values and handles an empty range
ok 612 - scroll thumb clamps out-of-range values and handles an empty range
  ---
  duration_ms: 0.355376
  type: 'test'
  ...
# Subtest: MsgBox flag combinations: return codes, symbols and default button
ok 613 - MsgBox flag combinations: return codes, symbols and default button
  ---
  duration_ms: 0.43759
  type: 'test'
  ...
# Subtest: MsgBox Cancel handling is not invented for Yes/No or Abort/Retry/Ignore
ok 614 - MsgBox Cancel handling is not invented for Yes/No or Abort/Retry/Ignore
  ---
  duration_ms: 0.189236
  type: 'test'
  ...
# Subtest: MsgBox flags clamp the default index and preserve RTL/alignment requests
ok 615 - MsgBox flags clamp the default index and preserve RTL/alignment requests
  ---
  duration_ms: 0.181574
  type: 'test'
  ...
# Subtest: property numbers: signed OLE colors, decimal, RGB notation and finite validation
ok 616 - property numbers: signed OLE colors, decimal, RGB notation and finite validation
  ---
  duration_ms: 0.397019
  type: 'test'
  ...
# Subtest: new default control colors adapt without changing authored RGB colors
ok 617 - new default control colors adapt without changing authored RGB colors
  ---
  duration_ms: 0.39776
  type: 'test'
  ...
# Subtest: restricted bundler supports local export lists and relative aliases
ok 618 - restricted bundler supports local export lists and relative aliases
  ---
  duration_ms: 2.954857
  type: 'test'
  ...
# Subtest: complete workspace profile round trips with no source text
ok 619 - complete workspace profile round trips with no source text
  ---
  duration_ms: 3.624888
  type: 'test'
  ...
# Subtest: original v1 docking-only layouts remain supported
ok 620 - original v1 docking-only layouts remain supported
  ---
  duration_ms: 0.403809
  type: 'test'
  ...
# Subtest: multiple imported profiles preserve registered windows from a single-use iterator
ok 621 - multiple imported profiles preserve registered windows from a single-use iterator
  ---
  duration_ms: 1.227742
  type: 'test'
  ...
# Subtest: layout names are data including __proto__, constructor and toString
ok 622 - layout names are data including __proto__, constructor and toString
  ---
  duration_ms: 1.017545
  type: 'test'
  ...
# Subtest: rejected layout imports do not mutate the inputs or expose partial results
ok 623 - rejected layout imports do not mutate the inputs or expose partial results
  ---
  duration_ms: 0.896542
  type: 'test'
  ...
# Subtest: workspace rejects invalid version
ok 624 - workspace rejects invalid version
  ---
  duration_ms: 0.245069
  type: 'test'
  ...
# Subtest: workspace rejects missing docking
ok 625 - workspace rejects missing docking
  ---
  duration_ms: 0.345281
  type: 'test'
  ...
# Subtest: workspace rejects invalid toolbar
ok 626 - workspace rejects invalid toolbar
  ---
  duration_ms: 0.31842
  type: 'test'
  ...
# Subtest: workspace rejects too many documents
ok 627 - workspace rejects too many documents
  ---
  duration_ms: 0.473584
  type: 'test'
  ...
# Subtest: workspace rejects duplicate document
ok 628 - workspace rejects duplicate document
  ---
  duration_ms: 0.504941
  type: 'test'
  ...
# Subtest: workspace rejects unknown view
ok 629 - workspace rejects unknown view
  ---
  duration_ms: 0.292281
  type: 'test'
  ...
# Subtest: workspace rejects invalid bounds
ok 630 - workspace rejects invalid bounds
  ---
  duration_ms: 0.242246
  type: 'test'
  ...
# Subtest: workspace rejects invalid editor metadata
ok 631 - workspace rejects invalid editor metadata
  ---
  duration_ms: 0.257419
  type: 'test'
  ...
# Subtest: workspace rejects null editor view
ok 632 - workspace rejects null editor view
  ---
  duration_ms: 0.227112
  type: 'test'
  ...
# Subtest: workspace rejects too many windows
ok 633 - workspace rejects too many windows
  ---
  duration_ms: 0.217518
  type: 'test'
  ...
# Subtest: layout collection limits reject oversized input and invalid names
ok 634 - layout collection limits reject oversized input and invalid names
  ---
  duration_ms: 2.725872
  type: 'test'
  ...
# Subtest: editor state clamps untrusted offsets, ratios, viewport sizes and direction
ok 635 - editor state clamps untrusted offsets, ratios, viewport sizes and direction
  ---
  duration_ms: 0.149346
  type: 'test'
  ...
# Subtest: generated restored docking group cannot overwrite an existing group
ok 636 - generated restored docking group cannot overwrite an existing group
  ---
  duration_ms: 0.192901
  type: 'test'
  ...
# Subtest: malformed docking windows reject atomically
ok 637 - malformed docking windows reject atomically
  ---
  duration_ms: 0.154253
  type: 'test'
  ...
1..637
# tests 637
# suites 0
# pass 637
# fail 0
# cancelled 0
# skipped 0
# todo 0
# duration_ms 1401.005179
