
> vb6-studio-web@0.6.0 test
> node --test tests/*.test.mjs

TAP version 13
# Subtest: bundler rejects missing named exports before emitting undefined imports
ok 1 - bundler rejects missing named exports before emitting undefined imports
  ---
  duration_ms: 4.464884
  type: 'test'
  ...
# Subtest: bundler validates aliased names against the original export
ok 2 - bundler validates aliased names against the original export
  ---
  duration_ms: 1.597655
  type: 'test'
  ...
# Subtest: bundler rejects malformed bindings
ok 3 - bundler rejects malformed bindings
  ---
  duration_ms: 0.6129
  type: 'test'
  ...
# Subtest: bundler still rejects circular relative dependencies
ok 4 - bundler still rejects circular relative dependencies
  ---
  duration_ms: 0.605703
  type: 'test'
  ...
# Subtest: bundler rejects external imports and export-star declarations
ok 5 - bundler rejects external imports and export-star declarations
  ---
  duration_ms: 0.721559
  type: 'test'
  ...
# Subtest: bundler validates local export lists, async functions and shared dependencies
ok 6 - bundler validates local export lists, async functions and shared dependencies
  ---
  duration_ms: 6.045408
  type: 'test'
  ...
# Subtest: named colon-equals is not split as statement separator
ok 7 - named colon-equals is not split as statement separator
  ---
  duration_ms: 4.3634
  type: 'test'
  ...
# Subtest: named arguments reordered and optional omitted without comma
ok 8 - named arguments reordered and optional omitted without comma
  ---
  duration_ms: 20.831358
  type: 'test'
  ...
# Subtest: statement named arguments, continuation and single line If
ok 9 - statement named arguments, continuation and single line If
  ---
  duration_ms: 12.078797
  type: 'test'
  ...
# Subtest: omitted argument differs from explicitly passed Empty
ok 10 - omitted argument differs from explicitly passed Empty
  ---
  duration_ms: 7.532128
  type: 'test'
  ...
# Subtest: Empty required argument is a supplied value
ok 11 - Empty required argument is a supplied value
  ---
  duration_ms: 2.796705
  type: 'test'
  ...
# Subtest: default expressions use declaring module, not caller shadowing
ok 12 - default expressions use declaring module, not caller shadowing
  ---
  duration_ms: 1.646768
  type: 'test'
  ...
# Subtest: modifier words inside optional string literals are preserved
ok 13 - modifier words inside optional string literals are preserved
  ---
  duration_ms: 0.858187
  type: 'test'
  ...
# Subtest: typed optional without default is not missing
ok 14 - typed optional without default is not missing
  ---
  duration_ms: 5.552013
  type: 'test'
  ...
# Subtest: Missing forwards as omitted and Empty forwards as supplied
ok 15 - Missing forwards as omitted and Empty forwards as supplied
  ---
  duration_ms: 11.052158
  type: 'test'
  ...
# Subtest: ParamArray is never missing and empty array bounds are defined
ok 16 - ParamArray is never missing and empty array bounds are defined
  ---
  duration_ms: 2.804355
  type: 'test'
  ...
# Subtest: named ByRef binds the original variable
ok 17 - named ByRef binds the original variable
  ---
  duration_ms: 53.837897
  type: 'test'
  ...
# Subtest: parenthesized named ByRef passes a temporary
ok 18 - parenthesized named ByRef passes a temporary
  ---
  duration_ms: 0.960013
  type: 'test'
  ...
# Subtest: named arguments evaluate once in source order before binding
ok 19 - named arguments evaluate once in source order before binding
  ---
  duration_ms: 12.812876
  type: 'test'
  ...
# Subtest: rejects invalid argument binding: Take(a:="a", a:="b")
ok 20 - rejects invalid argument binding: Take(a:="a", a:="b")
  ---
  duration_ms: 9.200798
  type: 'test'
  ...
# Subtest: rejects invalid argument binding: Take("a", a:="b")
ok 21 - rejects invalid argument binding: Take("a", a:="b")
  ---
  duration_ms: 0.727301
  type: 'test'
  ...
# Subtest: rejects invalid argument binding: Take(noSuch:="a")
ok 22 - rejects invalid argument binding: Take(noSuch:="a")
  ---
  duration_ms: 7.606841
  type: 'test'
  ...
# Subtest: rejects invalid argument binding: Take(c:="c", "a")
ok 23 - rejects invalid argument binding: Take(c:="c", "a")
  ---
  duration_ms: 0.883289
  type: 'test'
  ...
# Subtest: rejects invalid argument binding: Take(, 1)
ok 24 - rejects invalid argument binding: Take(, 1)
  ---
  duration_ms: 0.826782
  type: 'test'
  ...
# Subtest: rejects invalid argument binding: Take()
ok 25 - rejects invalid argument binding: Take()
  ---
  duration_ms: 0.562088
  type: 'test'
  ...
# Subtest: builtin named arguments use published names
ok 26 - builtin named arguments use published names
  ---
  duration_ms: 12.280497
  type: 'test'
  ...
# Subtest: String-returning intrinsics support $ spelling
ok 27 - String-returning intrinsics support $ spelling
  ---
  duration_ms: 3.022519
  type: 'test'
  ...
# Subtest: Variant string functions propagate Null but $ form rejects it
ok 28 - Variant string functions propagate Null but $ form rejects it
  ---
  duration_ms: 1.133043
  type: 'test'
  ...
# Subtest: static locals are per instance and per procedure
ok 29 - static locals are per instance and per procedure
  ---
  duration_ms: 23.247607
  type: 'test'
  ...
# Subtest: As New replacement has fresh static locals
ok 30 - As New replacement has fresh static locals
  ---
  duration_ms: 1.112179
  type: 'test'
  ...
# Subtest: TypeOf handles class references, Nothing and native collections
ok 31 - TypeOf handles class references, Nothing and native collections
  ---
  duration_ms: 4.976506
  type: 'test'
  ...
# Subtest: TypeOf rejects scalar values
ok 32 - TypeOf rejects scalar values
  ---
  duration_ms: 0.605505
  type: 'test'
  ...
# Subtest: qualified New object creation
ok 33 - qualified New object creation
  ---
  duration_ms: 1.641673
  type: 'test'
  ...
# Subtest: Mid assignment updates only destination span and preserves length
ok 34 - Mid assignment updates only destination span and preserves length
  ---
  duration_ms: 5.130539
  type: 'test'
  ...
# Subtest: LSet and RSet pad to destination length
ok 35 - LSet and RSet pad to destination length
  ---
  duration_ms: 0.843768
  type: 'test'
  ...
# Subtest: Mid supports array destinations
ok 36 - Mid supports array destinations
  ---
  duration_ms: 1.3518
  type: 'test'
  ...
# Subtest: invalid Mid position is rejected: Mid(s, 0) = "x"
ok 37 - invalid Mid position is rejected: Mid(s, 0) = "x"
  ---
  duration_ms: 0.784279
  type: 'test'
  ...
# Subtest: invalid Mid position is rejected: Mid(s, 1, -1) = "x"
ok 38 - invalid Mid position is rejected: Mid(s, 1, -1) = "x"
  ---
  duration_ms: 1.489772
  type: 'test'
  ...
# Subtest: invalid procedure signature: Sub Bad(Optional x, y)
ok 39 - invalid procedure signature: Sub Bad(Optional x, y)
  ---
  duration_ms: 0.296414
  type: 'test'
  ...
# Subtest: invalid procedure signature: Sub Bad(x, x)
ok 40 - invalid procedure signature: Sub Bad(x, x)
  ---
  duration_ms: 0.106648
  type: 'test'
  ...
# Subtest: invalid procedure signature: Sub Bad(ParamArray x As Variant)
ok 41 - invalid procedure signature: Sub Bad(ParamArray x As Variant)
  ---
  duration_ms: 0.083225
  type: 'test'
  ...
# Subtest: invalid procedure signature: Sub Bad(ParamArray x() As Variant, y)
ok 42 - invalid procedure signature: Sub Bad(ParamArray x() As Variant, y)
  ---
  duration_ms: 0.075006
  type: 'test'
  ...
# Subtest: invalid procedure signature: Sub Bad(x As Long = 4)
ok 43 - invalid procedure signature: Sub Bad(x As Long = 4)
  ---
  duration_ms: 0.07765
  type: 'test'
  ...
# Subtest: Missing cannot silently coerce to scalar
ok 44 - Missing cannot silently coerce to scalar
  ---
  duration_ms: 0.149855
  type: 'test'
  ...
# Subtest: Spin step respects positive increment and both bounds
ok 45 - Spin step respects positive increment and both bounds
  ---
  duration_ms: 1.603646
  type: 'test'
  ...
# Subtest: Spin wrapping includes reversed Min/Max endpoints
ok 46 - Spin wrapping includes reversed Min/Max endpoints
  ---
  duration_ms: 0.217506
  type: 'test'
  ...
# Subtest: Spin zero increment and non-finite values do not move
ok 47 - Spin zero increment and non-finite values do not move
  ---
  duration_ms: 0.169687
  type: 'test'
  ...
# Subtest: Element factory distinguishes ARIA/enumerated false from HTML boolean false
ok 48 - Element factory distinguishes ARIA/enumerated false from HTML boolean false
  ---
  duration_ms: 6.934993
  type: 'test'
  ...
# Subtest: command IDs are unique and defaults contain only public commands
ok 49 - command IDs are unique and defaults contain only public commands
  ---
  duration_ms: 5.522532
  type: 'test'
  ...
# Subtest: custom toolbar names, insertion and order are validated
ok 50 - custom toolbar names, insertion and order are validated
  ---
  duration_ms: 1.174415
  type: 'test'
  ...
# Subtest: built-in bars reset items without deleting visibility state
ok 51 - built-in bars reset items without deleting visibility state
  ---
  duration_ms: 0.198434
  type: 'test'
  ...
# Subtest: toolbar restore preserves floating/docking/custom order and is atomic
ok 52 - toolbar restore preserves floating/docking/custom order and is atomic
  ---
  duration_ms: 6.930367
  type: 'test'
  ...
# Subtest: missing default bars recover and geometry is bounded
ok 53 - missing default bars recover and geometry is bounded
  ---
  duration_ms: 0.461871
  type: 'test'
  ...
# Subtest: toolbar descriptor/size abuse is rejected
ok 54 - toolbar descriptor/size abuse is rejected
  ---
  duration_ms: 1.066367
  type: 'test'
  ...
# Subtest: disconnected field schemas enforce supported types, size and case-insensitive uniqueness
ok 55 - disconnected field schemas enforce supported types, size and case-insensitive uniqueness
  ---
  duration_ms: 16.017291
  type: 'test'
  ...
# Subtest: open, close and state transitions reject unsupported providers and cursor types
ok 56 - open, close and state transitions reject unsupported providers and cursor types
  ---
  duration_ms: 0.584938
  type: 'test'
  ...
# Subtest: typed numeric, Currency, Boolean and Date fields coerce and reject overflow atomically
ok 57 - typed numeric, Currency, Boolean and Date fields coerce and reject overflow atomically
  ---
  duration_ms: 12.163857
  type: 'test'
  ...
# Subtest: field edits are cancellable before Update and preserve OriginalValue
ok 58 - field edits are cancellable before Update and preserve OriginalValue
  ---
  duration_ms: 1.076371
  type: 'test'
  ...
# Subtest: CancelUpdate discards a new row and restores the previous current row
ok 59 - CancelUpdate discards a new row and restores the previous current row
  ---
  duration_ms: 0.557116
  type: 'test'
  ...
# Subtest: navigation commits pending edits and handles BOF/EOF without unbounded positions
ok 60 - navigation commits pending edits and handles BOF/EOF without unbounded positions
  ---
  duration_ms: 0.618869
  type: 'test'
  ...
# Subtest: Update field/value arrays validate all fields before any mutation
ok 61 - Update field/value arrays validate all fields before any mutation
  ---
  duration_ms: 0.620132
  type: 'test'
  ...
# Subtest: invalid AddNew field/value arrays do not commit or discard an existing edit
ok 62 - invalid AddNew field/value arrays do not commit or discard an existing edit
  ---
  duration_ms: 0.834107
  type: 'test'
  ...
# Subtest: AddNew with values commits immediately and uses typed Currency
ok 63 - AddNew with values commits immediately and uses typed Currency
  ---
  duration_ms: 9.548227
  type: 'test'
  ...
# Subtest: stable bookmarks survive sorting and edits but cannot access filtered or deleted rows
ok 64 - stable bookmarks survive sorting and edits but cannot access filtered or deleted rows
  ---
  duration_ms: 7.856822
  type: 'test'
  ...
# Subtest: sort is stable, typed, case-insensitive and supports bracketed field names
ok 65 - sort is stable, typed, case-insensitive and supports bracketed field names
  ---
  duration_ms: 1.365496
  type: 'test'
  ...
# Subtest: invalid sort preserves the previous sort, view and current row
ok 66 - invalid sort preserves the previous sort, view and current row
  ---
  duration_ms: 0.561704
  type: 'test'
  ...
# Subtest: criteria support quoted names, doubled apostrophes, Currency and flat AND/OR
ok 67 - criteria support quoted names, doubled apostrophes, Currency and flat AND/OR
  ---
  duration_ms: 1.104428
  type: 'test'
  ...
# Subtest: LIKE supports prefix and surrounding patterns without regex injection
ok 68 - LIKE supports prefix and surrounding patterns without regex injection
  ---
  duration_ms: 1.406197
  type: 'test'
  ...
# Subtest: invalid or unsupported filters are atomic, not silently approximated
ok 69 - invalid or unsupported filters are atomic, not silently approximated
  ---
  duration_ms: 0.615336
  type: 'test'
  ...
# Subtest: empty recordsets and zero matching rows have BOF and EOF set
ok 70 - empty recordsets and zero matching rows have BOF and EOF set
  ---
  duration_ms: 0.296519
  type: 'test'
  ...
# Subtest: read-only recordsets reject every write path
ok 71 - read-only recordsets reject every write path
  ---
  duration_ms: 0.302522
  type: 'test'
  ...
# Subtest: GetRows respects row limits, field selection, cursor advancement and empty results
ok 72 - GetRows respects row limits, field selection, cursor advancement and empty results
  ---
  duration_ms: 1.273738
  type: 'test'
  ...
# Subtest: data observers see lifecycle/edit/cancel events and disposal removes subscriptions
ok 73 - data observers see lifecycle/edit/cancel events and disposal removes subscriptions
  ---
  duration_ms: 0.809753
  type: 'test'
  ...
# Subtest: an observer exception cannot roll back committed changes or stop other observers
ok 74 - an observer exception cannot roll back committed changes or stop other observers
  ---
  duration_ms: 0.445923
  type: 'test'
  ...
# Subtest: binding API writes typed values and refuses stale, removed and filtered records
ok 75 - binding API writes typed values and refuses stale, removed and filtered records
  ---
  duration_ms: 0.553821
  type: 'test'
  ...
# Subtest: malicious field names do not alter JavaScript prototypes
ok 76 - malicious field names do not alter JavaScript prototypes
  ---
  duration_ms: 0.374713
  type: 'test'
  ...
# Subtest: repeated reads reuse the compiled view until data or filter changes
ok 77 - repeated reads reuse the compiled view until data or filter changes
  ---
  duration_ms: 0.383828
  type: 'test'
  ...
# Subtest: VB execution exercises typed field edits, CancelUpdate, filters and row arrays
ok 78 - VB execution exercises typed field edits, CancelUpdate, filters and row arrays
  ---
  duration_ms: 102.180088
  type: 'test'
  ...
# Subtest: safe watch arithmetic and intrinsics do not create implicit variables
ok 79 - safe watch arithmetic and intrinsics do not create implicit variables
  ---
  duration_ms: 15.882976
  type: 'test'
  ...
# Subtest: automatic watches do not invoke functions or properties
ok 80 - automatic watches do not invoke functions or properties
  ---
  duration_ms: 5.197972
  type: 'test'
  ...
# Subtest: lazy objects are displayed without construction
ok 81 - lazy objects are displayed without construction
  ---
  duration_ms: 2.925745
  type: 'test'
  ...
# Subtest: stored record and multidimensional array inspection is bounded
ok 82 - stored record and multidimensional array inspection is bounded
  ---
  duration_ms: 171.080389
  type: 'test'
  ...
# Subtest: typed edits preserve bounds and are atomic on failure
ok 83 - typed edits preserve bounds and are atomic on failure
  ---
  duration_ms: 1.729468
  type: 'test'
  ...
# Subtest: caller-frame inspection and editing do not change current frame
ok 84 - caller-frame inspection and editing do not change current frame
  ---
  duration_ms: 1.589046
  type: 'test'
  ...
# Subtest: constants and private cross-module fields are read-only
ok 85 - constants and private cross-module fields are read-only
  ---
  duration_ms: 1.748697
  type: 'test'
  ...
# Subtest: native getters and prototype paths are not executed
ok 86 - native getters and prototype paths are not executed
  ---
  duration_ms: 2.073426
  type: 'test'
  ...
# Subtest: watch expression length and recursion bounds reject abuse
ok 87 - watch expression length and recursion bounds reject abuse
  ---
  duration_ms: 1.830506
  type: 'test'
  ...
# Subtest: Run to Cursor pauses before the target without retaining a breakpoint
ok 88 - Run to Cursor pauses before the target without retaining a breakpoint
  ---
  duration_ms: 1.402344
  type: 'test'
  ...
# Subtest: Run to Cursor validates break mode and executable source
ok 89 - Run to Cursor validates break mode and executable source
  ---
  duration_ms: 0.751471
  type: 'test'
  ...
# Subtest: break-on-change watch triggers before the following statement
ok 90 - break-on-change watch triggers before the following statement
  ---
  duration_ms: 0.947722
  type: 'test'
  ...
# Subtest: break-when-true watch respects procedure context
ok 91 - break-when-true watch respects procedure context
  ---
  duration_ms: 1.009418
  type: 'test'
  ...
# Subtest: watchpoint configuration validates atomically
ok 92 - watchpoint configuration validates atomically
  ---
  duration_ms: 2.725009
  type: 'test'
  ...
# Subtest: unsafe breakpoint conditions never execute user procedures
ok 93 - unsafe breakpoint conditions never execute user procedures
  ---
  duration_ms: 0.645597
  type: 'test'
  ...
# Subtest: explicit function evaluation skips breakpoints and preserves original paused frame
ok 94 - explicit function evaluation skips breakpoints and preserves original paused frame
  ---
  duration_ms: 72.391873
  type: 'test'
  ...
# Subtest: automatic watches still cannot invoke user procedures
ok 95 - automatic watches still cannot invoke user procedures
  ---
  duration_ms: 30.601493
  type: 'test'
  ...
# Subtest: explicit evaluation restores Err and lastError after source failure
ok 96 - explicit evaluation restores Err and lastError after source failure
  ---
  duration_ms: 5.733855
  type: 'test'
  ...
# Subtest: evaluation uses selected caller locals, not the top frame
ok 97 - evaluation uses selected caller locals, not the top frame
  ---
  duration_ms: 2.992059
  type: 'test'
  ...
# Subtest: Immediate function calls use the explicit evaluator in break mode
ok 98 - Immediate function calls use the explicit evaluator in break mode
  ---
  duration_ms: 4.618858
  type: 'test'
  ...
# Subtest: instruction exhaustion cancels despite On Error Resume Next
ok 99 - instruction exhaustion cancels despite On Error Resume Next
  ---
  duration_ms: 3.221647
  type: 'test'
  ...
# Subtest: explicit user cancellation is cooperative and leaves suspended execution usable
ok 100 - explicit user cancellation is cooperative and leaves suspended execution usable
  ---
  duration_ms: 26.271898
  type: 'test'
  ...
# Subtest: time limit aborts an unresolved native await without losing break state
ok 101 - time limit aborts an unresolved native await without losing break state
  ---
  duration_ms: 24.735119
  type: 'test'
  ...
# Subtest: stale pause ids, invalid frames and concurrent evaluations reject
ok 102 - stale pause ids, invalid frames and concurrent evaluations reject
  ---
  duration_ms: 2.609637
  type: 'test'
  ...
# Subtest: explicit evaluation cannot start outside break mode
ok 103 - explicit evaluation cannot start outside break mode
  ---
  duration_ms: 0.730327
  type: 'test'
  ...
# Subtest: active linear insertion maps paused instruction and keeps existing locals
ok 104 - active linear insertion maps paused instruction and keeps existing locals
  ---
  duration_ms: 2.275067
  type: 'test'
  ...
# Subtest: new statements after the active caller execute after its pending call completes
ok 105 - new statements after the active caller execute after its pending call completes
  ---
  duration_ms: 1.121662
  type: 'test'
  ...
# Subtest: deleting a pending statement rejects before any bytecode changes
ok 106 - deleting a pending statement rejects before any bytecode changes
  ---
  duration_ms: 0.839488
  type: 'test'
  ...
# Subtest: repeated insertion after paused line executes without synthetic-return breakpoint
ok 107 - repeated insertion after paused line executes without synthetic-return breakpoint
  ---
  duration_ms: 27.010077
  type: 'test'
  ...
# Subtest: stopping during evaluation unwinds both evaluation and original stacks
ok 108 - stopping during evaluation unwinds both evaluation and original stacks
  ---
  duration_ms: 23.412737
  type: 'test'
  ...
# Subtest: pause listeners can resume synchronously without a lost resolver
ok 109 - pause listeners can resume synchronously without a lost resolver
  ---
  duration_ms: 18.688052
  type: 'test'
  ...
# Subtest: active expression edit applies before the suspended instruction, retaining locals
ok 110 - active expression edit applies before the suspended instruction, retaining locals
  ---
  duration_ms: 14.832929
  type: 'test'
  ...
# Subtest: inserted comments remap breakpoints and current source without restarting
ok 111 - inserted comments remap breakpoints and current source without restarting
  ---
  duration_ms: 5.333921
  type: 'test'
  ...
# Subtest: invalid syntax rejects atomically and leaves the old code runnable
ok 112 - invalid syntax rejects atomically and leaves the old code runnable
  ---
  duration_ms: 3.356921
  type: 'test'
  ...
# Subtest: active topology and local type edits require restart without losing locals
ok 113 - active topology and local type edits require restart without losing locals
  ---
  duration_ms: 4.017513
  type: 'test'
  ...
# Subtest: module fields, signatures and deleted procedures are rejected atomically
ok 114 - module fields, signatures and deleted procedures are rejected atomically
  ---
  duration_ms: 4.445333
  type: 'test'
  ...
# Subtest: inactive procedure bodies can change control flow and new procedures can be added
ok 115 - inactive procedure bodies can change control flow and new procedures can be added
  ---
  duration_ms: 4.247714
  type: 'test'
  ...
# Subtest: edits update existing class instances and held procedure identities
ok 116 - edits update existing class instances and held procedure identities
  ---
  duration_ms: 27.748364
  type: 'test'
  ...
# Subtest: all suspended caller frames are validated, not only the top frame
ok 117 - all suspended caller frames are validated, not only the top frame
  ---
  duration_ms: 2.397452
  type: 'test'
  ...
# Subtest: Set Next Statement skips a pending statement in a straight-line region
ok 118 - Set Next Statement skips a pending statement in a straight-line region
  ---
  duration_ms: 2.33291
  type: 'test'
  ...
# Subtest: Set Next Statement can replay an assignment while retaining state
ok 119 - Set Next Statement can replay an assignment while retaining state
  ---
  duration_ms: 1.360385
  type: 'test'
  ...
# Subtest: Set Next Statement rejects cross-procedure, cross-module and loop-entry moves
ok 120 - Set Next Statement rejects cross-procedure, cross-module and loop-entry moves
  ---
  duration_ms: 5.067723
  type: 'test'
  ...
# Subtest: running non-paused frames cannot receive unsafe debugger mutations
ok 121 - running non-paused frames cannot receive unsafe debugger mutations
  ---
  duration_ms: 0.706376
  type: 'test'
  ...
# Subtest: diagnostics match execution compiler: valid source
ok 122 - diagnostics match execution compiler: valid source
  ---
  duration_ms: 4.134169
  type: 'test'
  ...
# Subtest: diagnostics match execution compiler: invalid procedure
ok 123 - diagnostics match execution compiler: invalid procedure
  ---
  duration_ms: 3.186098
  type: 'test'
  ...
# Subtest: diagnostics match execution compiler: duplicate module
ok 124 - diagnostics match execution compiler: duplicate module
  ---
  duration_ms: 2.294162
  type: 'test'
  ...
# Subtest: diagnostics match execution compiler: conditional compilation
ok 125 - diagnostics match execution compiler: conditional compilation
  ---
  duration_ms: 1.402569
  type: 'test'
  ...
# Subtest: diagnostics match execution compiler: cross-module record ByVal
ok 126 - diagnostics match execution compiler: cross-module record ByVal
  ---
  duration_ms: 1.829169
  type: 'test'
  ...
# Subtest: diagnostics match execution compiler: array ByVal
ok 127 - diagnostics match execution compiler: array ByVal
  ---
  duration_ms: 0.492371
  type: 'test'
  ...
# Subtest: diagnostics match execution compiler: two broken modules
ok 128 - diagnostics match execution compiler: two broken modules
  ---
  duration_ms: 0.81695
  type: 'test'
  ...
# Subtest: diagnostics cache reparses only changed source and prunes closed modules
ok 129 - diagnostics cache reparses only changed source and prunes closed modules
  ---
  duration_ms: 0.247321
  type: 'test'
  ...
# Subtest: diagnostics invalidates renamed modules, kinds, and conditional settings
ok 130 - diagnostics invalidates renamed modules, kinds, and conditional settings
  ---
  duration_ms: 0.494536
  type: 'test'
  ...
# Subtest: diagnostic cache keeps cross-module record checks fresh even on source cache hits
ok 131 - diagnostic cache keeps cross-module record checks fresh even on source cache hits
  ---
  duration_ms: 0.402726
  type: 'test'
  ...
# Subtest: compiler snapshot excludes assets and detaches mutable settings
ok 132 - compiler snapshot excludes assets and detaches mutable settings
  ---
  duration_ms: 0.251714
  type: 'test'
  ...
# Subtest: diagnostic snapshot has explicit resource limits
ok 133 - diagnostic snapshot has explicit resource limits
  ---
  duration_ms: 0.510874
  type: 'test'
  ...
# Subtest: fallback diagnostics debounce bursts and deliver only latest source
ok 134 - fallback diagnostics debounce bursts and deliver only latest source
  ---
  duration_ms: 13.440573
  type: 'test'
  ...
# Subtest: fallback yields between modules and aborts a superseded snapshot
ok 135 - fallback yields between modules and aborts a superseded snapshot
  ---
  duration_ms: 30.696162
  type: 'test'
  ...
# Subtest: out-of-order worker replies cannot overwrite a newer project
ok 136 - out-of-order worker replies cannot overwrite a newer project
  ---
  duration_ms: 9.161223
  type: 'test'
  ...
# Subtest: worker constructor failure has an operational fallback
ok 137 - worker constructor failure has an operational fallback
  ---
  duration_ms: 4.98925
  type: 'test'
  ...
# Subtest: worker script errors terminate/revoke worker and fall back
ok 138 - worker script errors terminate/revoke worker and fall back
  ---
  duration_ms: 8.299835
  type: 'test'
  ...
# Subtest: unresponsive workers time out rather than leave the status pending
ok 139 - unresponsive workers time out rather than leave the status pending
  ---
  duration_ms: 20.622065
  type: 'test'
  ...
# Subtest: cancelling a run prevents delayed diagnostics reaching the IDE
ok 140 - cancelling a run prevents delayed diagnostics reaching the IDE
  ---
  duration_ms: 36.168892
  type: 'test'
  ...
# Subtest: disposal drops caches, timers and pending delivery
ok 141 - disposal drops caches, timers and pending delivery
  ---
  duration_ms: 22.819966
  type: 'test'
  ...
# Subtest: each tool belongs to exactly one group through float/dock operations
ok 142 - each tool belongs to exactly one group through float/dock operations
  ---
  duration_ms: 3.605202
  type: 'test'
  ...
# Subtest: hidden tabs retain placement and activate a surviving sibling
ok 143 - hidden tabs retain placement and activate a surviving sibling
  ---
  duration_ms: 0.39948
  type: 'test'
  ...
# Subtest: floating a tab remembers its dock home
ok 144 - floating a tab remembers its dock home
  ---
  duration_ms: 0.34073
  type: 'test'
  ...
# Subtest: float whole group retains tab order
ok 145 - float whole group retains tab order
  ---
  duration_ms: 0.387024
  type: 'test'
  ...
# Subtest: non-dockable windows float and reject dock attempts
ok 146 - non-dockable windows float and reject dock attempts
  ---
  duration_ms: 0.261286
  type: 'test'
  ...
# Subtest: layout snapshot round-trips independently of stored object references
ok 147 - layout snapshot round-trips independently of stored object references
  ---
  duration_ms: 1.201876
  type: 'test'
  ...
# Subtest: invalid or duplicate membership restores fail atomically
ok 148 - invalid or duplicate membership restores fail atomically
  ---
  duration_ms: 0.970367
  type: 'test'
  ...
# Subtest: unknown window IDs are ignored, known missing tools regain defaults
ok 149 - unknown window IDs are ignored, known missing tools regain defaults
  ---
  duration_ms: 0.447696
  type: 'test'
  ...
# Subtest: restored hostile sizes and nonfinite geometry are bounded
ok 150 - restored hostile sizes and nonfinite geometry are bounded
  ---
  duration_ms: 0.800141
  type: 'test'
  ...
# Subtest: floating rectangles stay entirely on-screen after viewport shrink
ok 151 - floating rectangles stay entirely on-screen after viewport shrink
  ---
  duration_ms: 0.654162
  type: 'test'
  ...
# Subtest: random relocation maintains one membership per registered window
ok 152 - random relocation maintains one membership per registered window
  ---
  duration_ms: 9.219848
  type: 'test'
  ...
# Subtest: find treats regex characters literally: .
ok 153 - find treats regex characters literally: .
  ---
  duration_ms: 1.8351
  type: 'test'
  ...
# Subtest: find treats regex characters literally: [
ok 154 - find treats regex characters literally: [
  ---
  duration_ms: 0.27386
  type: 'test'
  ...
# Subtest: find treats regex characters literally: \\
ok 155 - find treats regex characters literally: \\
  ---
  duration_ms: 0.24794
  type: 'test'
  ...
# Subtest: find treats regex characters literally: $&
ok 156 - find treats regex characters literally: $&
  ---
  duration_ms: 1.129723
  type: 'test'
  ...
# Subtest: find treats regex characters literally: (a)
ok 157 - find treats regex characters literally: (a)
  ---
  duration_ms: 0.501913
  type: 'test'
  ...
# Subtest: find treats regex characters literally: ?
ok 158 - find treats regex characters literally: ?
  ---
  duration_ms: 0.438116
  type: 'test'
  ...
# Subtest: find treats regex characters literally: ^
ok 159 - find treats regex characters literally: ^
  ---
  duration_ms: 0.24774
  type: 'test'
  ...
# Subtest: find treats regex characters literally: |
ok 160 - find treats regex characters literally: |
  ---
  duration_ms: 0.183249
  type: 'test'
  ...
# Subtest: find treats regex characters literally: *
ok 161 - find treats regex characters literally: *
  ---
  duration_ms: 0.506013
  type: 'test'
  ...
# Subtest: find treats regex characters literally: {x}
ok 162 - find treats regex characters literally: {x}
  ---
  duration_ms: 0.712598
  type: 'test'
  ...
# Subtest: find caches the source/query/options tuple and navigates by binary boundaries
ok 163 - find caches the source/query/options tuple and navigates by binary boundaries
  ---
  duration_ms: 0.511911
  type: 'test'
  ...
# Subtest: single-pass Replace All handles 50,000 literal substitutions without recursive calls
ok 164 - single-pass Replace All handles 50,000 literal substitutions without recursive calls
  ---
  duration_ms: 127.701772
  type: 'test'
  ...
# Subtest: replacement range validation fails before returning partial output
ok 165 - replacement range validation fails before returning partial output
  ---
  duration_ms: 2.653156
  type: 'test'
  ...
# Subtest: source selection moves in either direction, copying and no-op insertion
ok 166 - source selection moves in either direction, copying and no-op insertion
  ---
  duration_ms: 2.149088
  type: 'test'
  ...
# Subtest: source moves preserve Unicode text and empty selections
ok 167 - source moves preserve Unicode text and empty selections
  ---
  duration_ms: 0.127687
  type: 'test'
  ...
# Subtest: completion reflects in-place control rename/type/index changes
ok 168 - completion reflects in-place control rename/type/index changes
  ---
  duration_ms: 2.89272
  type: 'test'
  ...
# Subtest: List Constants excludes locals owned by another procedure
ok 169 - List Constants excludes locals owned by another procedure
  ---
  duration_ms: 26.935875
  type: 'test'
  ...
# Subtest: incremental indexing remains equivalent after deterministic randomized Unicode edits
ok 170 - incremental indexing remains equivalent after deterministic randomized Unicode edits
  ---
  duration_ms: 207.469662
  type: 'test'
  ...
# Subtest: incremental indices preserve procedure starts for edits and end-of-file
ok 171 - incremental indices preserve procedure starts for edits and end-of-file
  ---
  duration_ms: 6.591947
  type: 'test'
  ...
# Subtest: incremental random edits agree with a full reindex (2000 patches)
ok 172 - incremental random edits agree with a full reindex (2000 patches)
  ---
  duration_ms: 27.540257
  type: 'test'
  ...
# Subtest: single-line edit does not rescan 100000 unchanged lines
ok 173 - single-line edit does not rescan 100000 unchanged lines
  ---
  duration_ms: 99.428867
  type: 'test'
  ...
# Subtest: input edit hints handle insertion, deletion, surrogate pairs and fallback
ok 174 - input edit hints handle insertion, deletion, surrogate pairs and fallback
  ---
  duration_ms: 0.490493
  type: 'test'
  ...
# Subtest: highlight cache is bounded and least-recently-used
ok 175 - highlight cache is bounded and least-recently-used
  ---
  duration_ms: 0.408
  type: 'test'
  ...
# Subtest: sparse source history scales with inserted bytes and replays in both directions
ok 176 - sparse source history scales with inserted bytes and replays in both directions
  ---
  duration_ms: 115.314795
  type: 'test'
  ...
# Subtest: declaration index handles locals, parameters, arrays and public members
ok 177 - declaration index handles locals, parameters, arrays and public members
  ---
  duration_ms: 6.569341
  type: 'test'
  ...
# Subtest: member completion honors local shadowing and private class members
ok 178 - member completion honors local shadowing and private class members
  ---
  duration_ms: 23.247288
  type: 'test'
  ...
# Subtest: intelligence reuses unchanged module declaration scans
ok 179 - intelligence reuses unchanged module declaration scans
  ---
  duration_ms: 0.898704
  type: 'test'
  ...
# Subtest: constants list is deterministic, unique and prefix filtered
ok 180 - constants list is deterministic, unique and prefix filtered
  ---
  duration_ms: 9.70331
  type: 'test'
  ...
# Subtest: strings and apostrophe comments do not produce completions
ok 181 - strings and apostrophe comments do not produce completions
  ---
  duration_ms: 0.227532
  type: 'test'
  ...
# Subtest: nested call context ignores commas in literals and inner functions
ok 182 - nested call context ignores commas in literals and inner functions
  ---
  duration_ms: 1.750073
  type: 'test'
  ...
# Subtest: parameter info supports named parameters and multiline continuation
ok 183 - parameter info supports named parameters and multiline continuation
  ---
  duration_ms: 0.833797
  type: 'test'
  ...
# Subtest: unparenthesized Sub calls show argument context
ok 184 - unparenthesized Sub calls show argument context
  ---
  duration_ms: 0.53126
  type: 'test'
  ...
# Subtest: masking and split preserve quoted commas, nested calls and comments
ok 185 - masking and split preserve quoted commas, nested calls and comments
  ---
  duration_ms: 4.973168
  type: 'test'
  ...
# Subtest: type and enum declarations expose correct typed members
ok 186 - type and enum declarations expose correct typed members
  ---
  duration_ms: 1.383092
  type: 'test'
  ...
# Subtest: typed browser controls expose implemented properties, not unrelated control fields
ok 187 - typed browser controls expose implemented properties, not unrelated control fields
  ---
  duration_ms: 1.851972
  type: 'test'
  ...
# Subtest: projection indexes UTF-16 line offsets and final empty line
ok 188 - projection indexes UTF-16 line offsets and final empty line
  ---
  duration_ms: 3.010602
  type: 'test'
  ...
# Subtest: full module view projects the entire source exactly
ok 189 - full module view projects the entire source exactly
  ---
  duration_ms: 0.377224
  type: 'test'
  ...
# Subtest: procedure view does not include the following header
ok 190 - procedure view does not include the following header
  ---
  duration_ms: 0.526613
  type: 'test'
  ...
# Subtest: declarations are independently editable without joining the first header
ok 191 - declarations are independently editable without joining the first header
  ---
  duration_ms: 0.402385
  type: 'test'
  ...
# Subtest: empty declarations before a line-one procedure remain a zero-length insertion
ok 192 - empty declarations before a line-one procedure remain a zero-length insertion
  ---
  duration_ms: 0.518512
  type: 'test'
  ...
# Subtest: editing a projection preserves all unselected source bytes
ok 193 - editing a projection preserves all unselected source bytes
  ---
  duration_ms: 0.531988
  type: 'test'
  ...
# Subtest: offset remapping keeps selections before/after an edit stable
ok 194 - offset remapping keeps selections before/after an edit stable
  ---
  duration_ms: 0.805486
  type: 'test'
  ...
# Subtest: offset remapping after deletion collapses selections inside removed text
ok 195 - offset remapping after deletion collapses selections inside removed text
  ---
  duration_ms: 0.38673
  type: 'test'
  ...
# Subtest: procedure and property headers have independent projections
ok 196 - procedure and property headers have independent projections
  ---
  duration_ms: 0.497275
  type: 'test'
  ...
# Subtest: syntax selection preserves lexical context and HTML escaping
ok 197 - syntax selection preserves lexical context and HTML escaping
  ---
  duration_ms: 1.204297
  type: 'test'
  ...
# Subtest: multiline selection includes the visual newline cell
ok 198 - multiline selection includes the visual newline cell
  ---
  duration_ms: 0.437797
  type: 'test'
  ...
# Subtest: Binary scalar Byte
ok 199 - Binary scalar Byte
  ---
  duration_ms: 1.911125
  type: 'test'
  ...
# Subtest: Binary scalar Integer
ok 200 - Binary scalar Integer
  ---
  duration_ms: 0.15985
  type: 'test'
  ...
# Subtest: Binary scalar Long
ok 201 - Binary scalar Long
  ---
  duration_ms: 0.153938
  type: 'test'
  ...
# Subtest: Binary scalar Single
ok 202 - Binary scalar Single
  ---
  duration_ms: 0.090445
  type: 'test'
  ...
# Subtest: Binary scalar Double
ok 203 - Binary scalar Double
  ---
  duration_ms: 0.131912
  type: 'test'
  ...
# Subtest: Binary scalar Boolean
ok 204 - Binary scalar Boolean
  ---
  duration_ms: 0.120886
  type: 'test'
  ...
# Subtest: Binary scalar Currency
ok 205 - Binary scalar Currency
  ---
  duration_ms: 0.443589
  type: 'test'
  ...
# Subtest: Binary scalar Date
ok 206 - Binary scalar Date
  ---
  duration_ms: 0.694714
  type: 'test'
  ...
# Subtest: Binary uses little-endian native scalar layouts
ok 207 - Binary uses little-endian native scalar layouts
  ---
  duration_ms: 1.146581
  type: 'test'
  ...
# Subtest: ANSI encoding round trips euro and rejects lossy Unicode
ok 208 - ANSI encoding round trips euro and rejects lossy Unicode
  ---
  duration_ms: 0.959321
  type: 'test'
  ...
# Subtest: Random strings have unsigned 16-bit lengths; fixed strings do not
ok 209 - Random strings have unsigned 16-bit lengths; fixed strings do not
  ---
  duration_ms: 18.233964
  type: 'test'
  ...
# Subtest: Variant descriptor undefined
ok 210 - Variant descriptor undefined
  ---
  duration_ms: 0.165434
  type: 'test'
  ...
# Subtest: Variant descriptor null
ok 211 - Variant descriptor null
  ---
  duration_ms: 0.050474
  type: 'test'
  ...
# Subtest: Variant descriptor 42
ok 212 - Variant descriptor 42
  ---
  duration_ms: 0.056964
  type: 'test'
  ...
# Subtest: Variant descriptor 3.141592653589793
ok 213 - Variant descriptor 3.141592653589793
  ---
  duration_ms: 0.040827
  type: 'test'
  ...
# Subtest: Variant descriptor hello
ok 214 - Variant descriptor hello
  ---
  duration_ms: 0.092411
  type: 'test'
  ...
# Subtest: Variant descriptor 4.321
ok 215 - Variant descriptor 4.321
  ---
  duration_ms: 0.05221
  type: 'test'
  ...
# Subtest: Binary arrays write first-dimension-fastest without a descriptor
ok 216 - Binary arrays write first-dimension-fastest without a descriptor
  ---
  duration_ms: 0.537585
  type: 'test'
  ...
# Subtest: Random dynamic arrays preserve descriptors and lower bounds
ok 217 - Random dynamic arrays preserve descriptors and lower bounds
  ---
  duration_ms: 0.283154
  type: 'test'
  ...
# Subtest: corrupt descriptors, truncated data and scalar array Variants reject
ok 218 - corrupt descriptors, truncated data and scalar array Variants reject
  ---
  duration_ms: 0.232672
  type: 'test'
  ...
# Subtest: typed records concatenate fields without padding
ok 219 - typed records concatenate fields without padding
  ---
  duration_ms: 0.426178
  type: 'test'
  ...
# Subtest: VM Binary Put/Get, byte positions, Seek and EOF
ok 220 - VM Binary Put/Get, byte positions, Seek and EOF
  ---
  duration_ms: 36.556298
  type: 'test'
  ...
# Subtest: VM Random record operations honor Len expressions and typed UDT fields
ok 221 - VM Random record operations honor Len expressions and typed UDT fields
  ---
  duration_ms: 7.190062
  type: 'test'
  ...
# Subtest: VM fixed strings and declared byte arrays use their storage schema
ok 222 - VM fixed strings and declared byte arrays use their storage schema
  ---
  duration_ms: 1.957576
  type: 'test'
  ...
# Subtest: VM Read/Write access rejects unauthorized operations
ok 223 - VM Read/Write access rejects unauthorized operations
  ---
  duration_ms: 4.106977
  type: 'test'
  ...
# Subtest: VM binary copy/rename preserves bytes
ok 224 - VM binary copy/rename preserves bytes
  ---
  duration_ms: 1.181403
  type: 'test'
  ...
# Subtest: snapshot is JSON-safe and preserves every byte with legacy text files
ok 225 - snapshot is JSON-safe and preserves every byte with legacy text files
  ---
  duration_ms: 0.56884
  type: 'test'
  ...
# Subtest: failed Get and oversized Put do not move position or mutate files
ok 226 - failed Get and oversized Put do not move position or mutate files
  ---
  duration_ms: 0.20022
  type: 'test'
  ...
# Subtest: record-size checks leave existing bytes intact
ok 227 - record-size checks leave existing bytes intact
  ---
  duration_ms: 0.101415
  type: 'test'
  ...
# Subtest: virtual locks apply to the touched region and release on Close
ok 228 - virtual locks apply to the touched region and release on Close
  ---
  duration_ms: 0.540559
  type: 'test'
  ...
# Subtest: shared opens observe writes, lock modes deny conflicting access
ok 229 - shared opens observe writes, lock modes deny conflicting access
  ---
  duration_ms: 0.582125
  type: 'test'
  ...
# Subtest: FreeFile range and invalid seek/access boundaries
ok 230 - FreeFile range and invalid seek/access boundaries
  ---
  duration_ms: 0.190143
  type: 'test'
  ...
# Subtest: project search returns full-source UTF16 locations in module order
ok 231 - project search returns full-source UTF16 locations in module order
  ---
  duration_ms: 3.885009
  type: 'test'
  ...
# Subtest: literal search escapes .
ok 232 - literal search escapes .
  ---
  duration_ms: 0.415146
  type: 'test'
  ...
# Subtest: literal search escapes *
ok 233 - literal search escapes *
  ---
  duration_ms: 0.395047
  type: 'test'
  ...
# Subtest: literal search escapes [a]
ok 234 - literal search escapes [a]
  ---
  duration_ms: 0.49063
  type: 'test'
  ...
# Subtest: literal search escapes (hello)
ok 235 - literal search escapes (hello)
  ---
  duration_ms: 0.296047
  type: 'test'
  ...
# Subtest: literal search escapes $
ok 236 - literal search escapes $
  ---
  duration_ms: 0.200915
  type: 'test'
  ...
# Subtest: literal search escapes \\
ok 237 - literal search escapes \\
  ---
  duration_ms: 0.305851
  type: 'test'
  ...
# Subtest: literal search escapes ?
ok 238 - literal search escapes ?
  ---
  duration_ms: 0.191261
  type: 'test'
  ...
# Subtest: literal search escapes a+b
ok 239 - literal search escapes a+b
  ---
  duration_ms: 0.46708
  type: 'test'
  ...
# Subtest: literal search escapes ^
ok 240 - literal search escapes ^
  ---
  duration_ms: 0.834638
  type: 'test'
  ...
# Subtest: whole-word and match-case options distinguish identifiers
ok 241 - whole-word and match-case options distinguish identifiers
  ---
  duration_ms: 0.45361
  type: 'test'
  ...
# Subtest: module-only search captures just that module
ok 242 - module-only search captures just that module
  ---
  duration_ms: 0.225265
  type: 'test'
  ...
# Subtest: search snapshots become stale when a matching or unrelated source changes
ok 243 - search snapshots become stale when a matching or unrelated source changes
  ---
  duration_ms: 0.913103
  type: 'test'
  ...
# Subtest: stale search rejects module replacement, removal and addition atomically
ok 244 - stale search rejects module replacement, removal and addition atomically
  ---
  duration_ms: 0.458525
  type: 'test'
  ...
# Subtest: renamed module retains valid id-and-source search
ok 245 - renamed module retains valid id-and-source search
  ---
  duration_ms: 0.398863
  type: 'test'
  ...
# Subtest: search limit reports truncation and refuses partial replacement
ok 246 - search limit reports truncation and refuses partial replacement
  ---
  duration_ms: 0.290362
  type: 'test'
  ...
# Subtest: exactly full search limit does not falsely report truncation
ok 247 - exactly full search limit does not falsely report truncation
  ---
  duration_ms: 0.163384
  type: 'test'
  ...
# Subtest: replacement creates a new project, treats dollar syntax literally and can be undone atomically
ok 248 - replacement creates a new project, treats dollar syntax literally and can be undone atomically
  ---
  duration_ms: 0.807531
  type: 'test'
  ...
# Subtest: replace does not leave partial modifications after size failure
ok 249 - replace does not leave partial modifications after size failure
  ---
  duration_ms: 1.391166
  type: 'test'
  ...
# Subtest: 20,000 replacements use a bounded list and preserve literal output
ok 250 - 20,000 replacements use a bounded list and preserve literal output
  ---
  duration_ms: 53.078044
  type: 'test'
  ...
# Subtest: replacement maps anchors across separate newline insertions
ok 251 - replacement maps anchors across separate newline insertions
  ---
  duration_ms: 0.630633
  type: 'test'
  ...
# Subtest: empty/oversized query and wrong project are rejected
ok 252 - empty/oversized query and wrong project are rejected
  ---
  duration_ms: 0.333525
  type: 'test'
  ...
# Subtest: bookmark normalization removes invalid and duplicate lines
ok 253 - bookmark normalization removes invalid and duplicate lines
  ---
  duration_ms: 0.14953
  type: 'test'
  ...
# Subtest: inserting source at bookmarked line start follows original line
ok 254 - inserting source at bookmarked line start follows original line
  ---
  duration_ms: 0.371291
  type: 'test'
  ...
# Subtest: deleting a full bookmarked line removes its anchor but maps subsequent lines
ok 255 - deleting a full bookmarked line removes its anchor but maps subsequent lines
  ---
  duration_ms: 0.168765
  type: 'test'
  ...
# Subtest: editing text without line changes keeps anchors
ok 256 - editing text without line changes keeps anchors
  ---
  duration_ms: 0.156058
  type: 'test'
  ...
# Subtest: bookmarks navigate through project modules and wrap in either direction
ok 257 - bookmarks navigate through project modules and wrap in either direction
  ---
  duration_ms: 2.867599
  type: 'test'
  ...
# Subtest: no bookmarks returns no navigation target
ok 258 - no bookmarks returns no navigation target
  ---
  duration_ms: 0.13609
  type: 'test'
  ...
# Subtest: Object Browser uses compiler declaration locations, not first textual occurrence
ok 259 - Object Browser uses compiler declaration locations, not first textual occurrence
  ---
  duration_ms: 27.896654
  type: 'test'
  ...
# Subtest: Object Browser private filter omits private members only
ok 260 - Object Browser private filter omits private members only
  ---
  duration_ms: 3.827974
  type: 'test'
  ...
# Subtest: Object Browser contains implemented intrinsic optional signatures
ok 261 - Object Browser contains implemented intrinsic optional signatures
  ---
  duration_ms: 1.702332
  type: 'test'
  ...
# Subtest: Object Browser tolerates incomplete procedure bodies
ok 262 - Object Browser tolerates incomplete procedure bodies
  ---
  duration_ms: 4.720412
  type: 'test'
  ...
# Subtest: Object Browser tolerates invalid conditional compiler input
ok 263 - Object Browser tolerates invalid conditional compiler input
  ---
  duration_ms: 5.344621
  type: 'test'
  ...
# Subtest: Object Browser property accessors remain distinct navigation targets
ok 264 - Object Browser property accessors remain distinct navigation targets
  ---
  duration_ms: 2.717284
  type: 'test'
  ...
# Subtest: Object Browser does not advertise nonexistent OCX libraries
ok 265 - Object Browser does not advertise nonexistent OCX libraries
  ---
  duration_ms: 1.784282
  type: 'test'
  ...
# Subtest: Add Procedure produces compilable Public Sub
ok 266 - Add Procedure produces compilable Public Sub
  ---
  duration_ms: 6.407221
  type: 'test'
  ...
# Subtest: Add Procedure produces compilable Private Sub
ok 267 - Add Procedure produces compilable Private Sub
  ---
  duration_ms: 1.009929
  type: 'test'
  ...
# Subtest: Add Procedure produces compilable Public Function
ok 268 - Add Procedure produces compilable Public Function
  ---
  duration_ms: 1.046126
  type: 'test'
  ...
# Subtest: Add Procedure produces compilable Private Function
ok 269 - Add Procedure produces compilable Private Function
  ---
  duration_ms: 0.687138
  type: 'test'
  ...
# Subtest: Add Procedure produces compilable Public Property
ok 270 - Add Procedure produces compilable Public Property
  ---
  duration_ms: 4.841492
  type: 'test'
  ...
# Subtest: Add Procedure produces compilable Private Property
ok 271 - Add Procedure produces compilable Private Property
  ---
  duration_ms: 0.467749
  type: 'test'
  ...
# Subtest: Add Procedure rejects duplicate fields, controls, keywords and injected source
ok 272 - Add Procedure rejects duplicate fields, controls, keywords and injected source
  ---
  duration_ms: 1.078937
  type: 'test'
  ...
# Subtest: Add Procedure ignores procedure-local name collisions
ok 273 - Add Procedure ignores procedure-local name collisions
  ---
  duration_ms: 3.902086
  type: 'test'
  ...
# Subtest: Procedure attributes round-trip descriptions, IDs and flags preserving other data
ok 274 - Procedure attributes round-trip descriptions, IDs and flags preserving other data
  ---
  duration_ms: 2.144446
  type: 'test'
  ...
# Subtest: Invalid attributes reject without mutation
ok 275 - Invalid attributes reject without mutation
  ---
  duration_ms: 1.262839
  type: 'test'
  ...
# Subtest: Equal spacing uses gaps between unlike widths and preserves endpoints
ok 276 - Equal spacing uses gaps between unlike widths and preserves endpoints
  ---
  duration_ms: 0.860662
  type: 'test'
  ...
# Subtest: Incremental spacing accumulates grid and remove abuts borders
ok 277 - Incremental spacing accumulates grid and remove abuts borders
  ---
  duration_ms: 0.324209
  type: 'test'
  ...
# Subtest: Center controls individually in their parent
ok 278 - Center controls individually in their parent
  ---
  duration_ms: 0.258391
  type: 'test'
  ...
# Subtest: Geometry rejects mixed containers before any mutation
ok 279 - Geometry rejects mixed containers before any mutation
  ---
  duration_ms: 0.292904
  type: 'test'
  ...
# Subtest: Size to grid never changes position and enforces positive extent
ok 280 - Size to grid never changes position and enforces positive extent
  ---
  duration_ms: 1.209639
  type: 'test'
  ...
# Subtest: Largest and smallest sizes apply the respective dimension only
ok 281 - Largest and smallest sizes apply the respective dimension only
  ---
  duration_ms: 0.576669
  type: 'test'
  ...
# Subtest: Spacing preserves a focused interior control
ok 282 - Spacing preserves a focused interior control
  ---
  duration_ms: 0.198968
  type: 'test'
  ...
# Subtest: interface dispatch preserves named contract, private implementation and properties
ok 283 - interface dispatch preserves named contract, private implementation and properties
  ---
  duration_ms: 25.103058
  type: 'test'
  ...
# Subtest: interface view does not expose implementation-specific members
ok 284 - interface view does not expose implementation-specific members
  ---
  duration_ms: 2.177875
  type: 'test'
  ...
# Subtest: implementation private members cannot be called on concrete class
ok 285 - implementation private members cannot be called on concrete class
  ---
  duration_ms: 1.561236
  type: 'test'
  ...
# Subtest: unsupported object-to-interface cast is rejected
ok 286 - unsupported object-to-interface cast is rejected
  ---
  duration_ms: 2.07129
  type: 'test'
  ...
# Subtest: two views of an object share state and identity
ok 287 - two views of an object share state and identity
  ---
  duration_ms: 5.320274
  type: 'test'
  ...
# Subtest: interface ByVal and ByRef parameters dispatch against public contract
ok 288 - interface ByVal and ByRef parameters dispatch against public contract
  ---
  duration_ms: 3.569892
  type: 'test'
  ...
# Subtest: interfaces support public field contracts through property procedures
ok 289 - interfaces support public field contracts through property procedures
  ---
  duration_ms: 2.22557
  type: 'test'
  ...
# Subtest: interface validation: missing member
ok 290 - interface validation: missing member
  ---
  duration_ms: 0.541416
  type: 'test'
  ...
# Subtest: interface validation: unknown class
ok 291 - interface validation: unknown class
  ---
  duration_ms: 0.314985
  type: 'test'
  ...
# Subtest: interface validation: self interface
ok 292 - interface validation: self interface
  ---
  duration_ms: 0.303321
  type: 'test'
  ...
# Subtest: interface validation: wrong signature
ok 293 - interface validation: wrong signature
  ---
  duration_ms: 0.291328
  type: 'test'
  ...
# Subtest: interface validation: standard module
ok 294 - interface validation: standard module
  ---
  duration_ms: 0.191502
  type: 'test'
  ...
# Subtest: interface validation: duplicate
ok 295 - interface validation: duplicate
  ---
  duration_ms: 0.196029
  type: 'test'
  ...
# Subtest: default property participates in scalar operations and assignment
ok 296 - default property participates in scalar operations and assignment
  ---
  duration_ms: 1.20422
  type: 'test'
  ...
# Subtest: indexed default properties retain argument and writeback semantics
ok 297 - indexed default properties retain argument and writeback semantics
  ---
  duration_ms: 1.677452
  type: 'test'
  ...
# Subtest: inline default-member attributes are removed before bytecode generation
ok 298 - inline default-member attributes are removed before bytecode generation
  ---
  duration_ms: 0.872419
  type: 'test'
  ...
# Subtest: multiple default members are rejected
ok 299 - multiple default members are rejected
  ---
  duration_ms: 20.589249
  type: 'test'
  ...
# Subtest: module Def types cover declarations, parameters and function return
ok 300 - module Def types cover declarations, parameters and function return
  ---
  duration_ms: 1.293017
  type: 'test'
  ...
# Subtest: Def types apply to implicit names but explicit As/suffix win
ok 301 - Def types apply to implicit names but explicit As/suffix win
  ---
  duration_ms: 1.154634
  type: 'test'
  ...
# Subtest: Def types are local to their module
ok 302 - Def types are local to their module
  ---
  duration_ms: 0.661367
  type: 'test'
  ...
# Subtest: invalid default types: DefInt Z-A
ok 303 - invalid default types: DefInt Z-A
  ---
  duration_ms: 0.145562
  type: 'test'
  ...
# Subtest: invalid default types: DefInt A-C
ok 304 - invalid default types: DefInt A-C
  ---
  duration_ms: 0.084828
  type: 'test'
  ...
# Subtest: invalid default types: DefStr AA
ok 305 - invalid default types: DefStr AA
  ---
  duration_ms: 0.071378
  type: 'test'
  ...
# Subtest: invalid default types: Sub Main()
ok 306 - invalid default types: Sub Main()
  ---
  duration_ms: 0.074932
  type: 'test'
  ...
# Subtest: invalid default types: DefStr A-Z
ok 307 - invalid default types: DefStr A-Z
  ---
  duration_ms: 0.355676
  type: 'test'
  ...
# Subtest: diagnostics cache invalidates procedure attribute changes
ok 308 - diagnostics cache invalidates procedure attribute changes
  ---
  duration_ms: 0.890618
  type: 'test'
  ...
# Subtest: lexer preserves strings, doubled quotes, source offsets and suffixes
ok 309 - lexer preserves strings, doubled quotes, source offsets and suffixes
  ---
  duration_ms: 2.081779
  type: 'test'
  ...
# Subtest: lexer rejects unterminated strings
ok 310 - lexer rejects unterminated strings
  ---
  duration_ms: 0.609636
  type: 'test'
  ...
# Subtest: top-level split respects parentheses and quoted commas
ok 311 - top-level split respects parentheses and quoted commas
  ---
  duration_ms: 0.689609
  type: 'test'
  ...
# Subtest: logical lines preserve continuation source mapping
ok 312 - logical lines preserve continuation source mapping
  ---
  duration_ms: 0.896278
  type: 'test'
  ...
# Subtest: comments do not corrupt quoted apostrophes
ok 313 - comments do not corrupt quoted apostrophes
  ---
  duration_ms: 0.654345
  type: 'test'
  ...
# Subtest: compiler reports missing End If
ok 314 - compiler reports missing End If
  ---
  duration_ms: 20.633698
  type: 'test'
  ...
# Subtest: compiler reports unsupported DLL declaration
ok 315 - compiler reports unsupported DLL declaration
  ---
  duration_ms: 2.309874
  type: 'test'
  ...
# Subtest: compiler rejects duplicate procedures
ok 316 - compiler rejects duplicate procedures
  ---
  duration_ms: 0.348261
  type: 'test'
  ...
# Subtest: source mapping is accurate after comments and blanks
ok 317 - source mapping is accurate after comments and blanks
  ---
  duration_ms: 2.990995
  type: 'test'
  ...
# Subtest: expression 1 + 2 * 3
ok 318 - expression 1 + 2 * 3
  ---
  duration_ms: 10.874568
  type: 'test'
  ...
# Subtest: expression 2 ^ 3 ^ 2
ok 319 - expression 2 ^ 3 ^ 2
  ---
  duration_ms: 1.131172
  type: 'test'
  ...
# Subtest: expression -2 ^ 2
ok 320 - expression -2 ^ 2
  ---
  duration_ms: 1.943988
  type: 'test'
  ...
# Subtest: expression (1 + 2) * 3
ok 321 - expression (1 + 2) * 3
  ---
  duration_ms: 2.121573
  type: 'test'
  ...
# Subtest: expression 7 \\ 2
ok 322 - expression 7 \\ 2
  ---
  duration_ms: 0.845862
  type: 'test'
  ...
# Subtest: expression 7 Mod 3
ok 323 - expression 7 Mod 3
  ---
  duration_ms: 1.411763
  type: 'test'
  ...
# Subtest: expression Not 1 = 2
ok 324 - expression Not 1 = 2
  ---
  duration_ms: 1.138819
  type: 'test'
  ...
# Subtest: expression True And False
ok 325 - expression True And False
  ---
  duration_ms: 0.663657
  type: 'test'
  ...
# Subtest: expression True Or False
ok 326 - expression True Or False
  ---
  duration_ms: 1.846789
  type: 'test'
  ...
# Subtest: expression 2 < 3
ok 327 - expression 2 < 3
  ---
  duration_ms: 2.171405
  type: 'test'
  ...
# Subtest: expression "a" & 2
ok 328 - expression "a" & 2
  ---
  duration_ms: 0.636986
  type: 'test'
  ...
# Subtest: expression "abc" Like "a*"
ok 329 - expression "abc" Like "a*"
  ---
  duration_ms: 1.117375
  type: 'test'
  ...
# Subtest: expression "a""b"
ok 330 - expression "a""b"
  ---
  duration_ms: 0.434052
  type: 'test'
  ...
# Subtest: expression &HFF + &O10
ok 331 - expression &HFF + &O10
  ---
  duration_ms: 1.566697
  type: 'test'
  ...
# Subtest: expression Empty + 5
ok 332 - expression Empty + 5
  ---
  duration_ms: 0.455254
  type: 'test'
  ...
# Subtest: expression Null & "x"
ok 333 - expression Null & "x"
  ---
  duration_ms: 0.43293
  type: 'test'
  ...
# Subtest: expression Null + 1
ok 334 - expression Null + 1
  ---
  duration_ms: 6.466619
  type: 'test'
  ...
# Subtest: expression 5 Xor 3
ok 335 - expression 5 Xor 3
  ---
  duration_ms: 0.403505
  type: 'test'
  ...
# Subtest: expression 5 Eqv 3
ok 336 - expression 5 Eqv 3
  ---
  duration_ms: 0.485232
  type: 'test'
  ...
# Subtest: expression True Imp False
ok 337 - expression True Imp False
  ---
  duration_ms: 0.406373
  type: 'test'
  ...
# Subtest: For loop is inclusive and preserves final control value
ok 338 - For loop is inclusive and preserves final control value
  ---
  duration_ms: 4.934379
  type: 'test'
  ...
# Subtest: negative For step and Exit For
ok 339 - negative For step and Exit For
  ---
  duration_ms: 1.182721
  type: 'test'
  ...
# Subtest: If ElseIf Else branches
ok 340 - If ElseIf Else branches
  ---
  duration_ms: 1.308743
  type: 'test'
  ...
# Subtest: single-line If supports colon statements and Else
ok 341 - single-line If supports colon statements and Else
  ---
  duration_ms: 0.790618
  type: 'test'
  ...
# Subtest: Do While and Loop Until
ok 342 - Do While and Loop Until
  ---
  duration_ms: 7.162625
  type: 'test'
  ...
# Subtest: While Wend
ok 343 - While Wend
  ---
  duration_ms: 0.776415
  type: 'test'
  ...
# Subtest: Select Case ranges and relational cases
ok 344 - Select Case ranges and relational cases
  ---
  duration_ms: 1.029393
  type: 'test'
  ...
# Subtest: functions recurse and return typed values
ok 345 - functions recurse and return typed values
  ---
  duration_ms: 56.518029
  type: 'test'
  ...
# Subtest: ByRef changes caller, ByVal does not
ok 346 - ByRef changes caller, ByVal does not
  ---
  duration_ms: 2.058721
  type: 'test'
  ...
# Subtest: optional parameters and ParamArray
ok 347 - optional parameters and ParamArray
  ---
  duration_ms: 1.725162
  type: 'test'
  ...
# Subtest: Static local persists between invocations
ok 348 - Static local persists between invocations
  ---
  duration_ms: 1.063024
  type: 'test'
  ...
# Subtest: Option Explicit catches missing variable at execution
ok 349 - Option Explicit catches missing variable at execution
  ---
  duration_ms: 1.273972
  type: 'test'
  ...
# Subtest: Integer overflow is caught
ok 350 - Integer overflow is caught
  ---
  duration_ms: 0.923603
  type: 'test'
  ...
# Subtest: Option Compare Text applies to comparison
ok 351 - Option Compare Text applies to comparison
  ---
  duration_ms: 1.064209
  type: 'test'
  ...
# Subtest: typed multidimensional arrays and bounds
ok 352 - typed multidimensional arrays and bounds
  ---
  duration_ms: 5.626457
  type: 'test'
  ...
# Subtest: ReDim Preserve retains elements
ok 353 - ReDim Preserve retains elements
  ---
  duration_ms: 1.355552
  type: 'test'
  ...
# Subtest: For Each over an Array
ok 354 - For Each over an Array
  ---
  duration_ms: 1.174541
  type: 'test'
  ...
# Subtest: Collection uses one-based indices and keyed access
ok 355 - Collection uses one-based indices and keyed access
  ---
  duration_ms: 1.838031
  type: 'test'
  ...
# Subtest: Dictionary supports indexed assignment
ok 356 - Dictionary supports indexed assignment
  ---
  duration_ms: 1.251783
  type: 'test'
  ...
# Subtest: With member access updates objects
ok 357 - With member access updates objects
  ---
  duration_ms: 4.032752
  type: 'test'
  ...
# Subtest: class fields, initialization, methods and property accessors
ok 358 - class fields, initialization, methods and property accessors
  ---
  duration_ms: 2.228393
  type: 'test'
  ...
# Subtest: On Error Resume Next sets Err and resumes caller
ok 359 - On Error Resume Next sets Err and resumes caller
  ---
  duration_ms: 0.887629
  type: 'test'
  ...
# Subtest: On Error GoTo and Resume Next
ok 360 - On Error GoTo and Resume Next
  ---
  duration_ms: 1.604576
  type: 'test'
  ...
# Subtest: GoSub and Return
ok 361 - GoSub and Return
  ---
  duration_ms: 0.801149
  type: 'test'
  ...
# Subtest: Err.Raise participates in error handling
ok 362 - Err.Raise participates in error handling
  ---
  duration_ms: 1.095821
  type: 'test'
  ...
# Subtest: sequential text files round-trip in isolated virtual filesystem
ok 363 - sequential text files round-trip in isolated virtual filesystem
  ---
  duration_ms: 2.128192
  type: 'test'
  ...
# Subtest: Write/Input CSV round-trip strings and numbers
ok 364 - Write/Input CSV round-trip strings and numbers
  ---
  duration_ms: 1.207945
  type: 'test'
  ...
# Subtest: Scripting FileSystemObject text stream
ok 365 - Scripting FileSystemObject text stream
  ---
  duration_ms: 1.567904
  type: 'test'
  ...
# Subtest: in-memory Recordset fields and navigation
ok 366 - in-memory Recordset fields and navigation
  ---
  duration_ms: 4.707371
  type: 'test'
  ...
# Subtest: prototype escape is rejected
ok 367 - prototype escape is rejected
  ---
  duration_ms: 0.984724
  type: 'test'
  ...
# Subtest: infinite loops terminate at an instruction budget
ok 368 - infinite loops terminate at an instruction budget
  ---
  duration_ms: 21.376609
  type: 'test'
  ...
# Subtest: breakpoint pauses at source line before side effects, then steps
ok 369 - breakpoint pauses at source line before side effects, then steps
  ---
  duration_ms: 24.325637
  type: 'test'
  ...
# Subtest: banker rounding and typed ranges
ok 370 - banker rounding and typed ranges
  ---
  duration_ms: 0.263189
  type: 'test'
  ...
# Subtest: Currency stores a scaled integer
ok 371 - Currency stores a scaled integer
  ---
  duration_ms: 0.36887
  type: 'test'
  ...
# Subtest: ReDim Preserve disallows first-dimension changes
ok 372 - ReDim Preserve disallows first-dimension changes
  ---
  duration_ms: 1.487597
  type: 'test'
  ...
# Subtest: virtual filesystem normalizes traversal within its own root
ok 373 - virtual filesystem normalizes traversal within its own root
  ---
  duration_ms: 0.236268
  type: 'test'
  ...
# Subtest: builtin Left$("hello", 2)
ok 374 - builtin Left$("hello", 2)
  ---
  duration_ms: 1.221815
  type: 'test'
  ...
# Subtest: builtin Right$("hello", 2)
ok 375 - builtin Right$("hello", 2)
  ---
  duration_ms: 0.987412
  type: 'test'
  ...
# Subtest: builtin Mid$("hello", 2, 3)
ok 376 - builtin Mid$("hello", 2, 3)
  ---
  duration_ms: 0.945171
  type: 'test'
  ...
# Subtest: builtin Replace("a-b-a", "a", "x")
ok 377 - builtin Replace("a-b-a", "a", "x")
  ---
  duration_ms: 6.018912
  type: 'test'
  ...
# Subtest: builtin Join(Split("a,b,c", ","), "|")
ok 378 - builtin Join(Split("a,b,c", ","), "|")
  ---
  duration_ms: 1.134403
  type: 'test'
  ...
# Subtest: builtin InStr(2, "banana", "an")
ok 379 - builtin InStr(2, "banana", "an")
  ---
  duration_ms: 1.106719
  type: 'test'
  ...
# Subtest: builtin StrComp("A", "a", vbTextCompare)
ok 380 - builtin StrComp("A", "a", vbTextCompare)
  ---
  duration_ms: 1.21788
  type: 'test'
  ...
# Subtest: builtin Format$(12.5, "0.00")
ok 381 - builtin Format$(12.5, "0.00")
  ---
  duration_ms: 3.777116
  type: 'test'
  ...
# Subtest: builtin Format$(0.25, "0%")
ok 382 - builtin Format$(0.25, "0%")
  ---
  duration_ms: 1.224344
  type: 'test'
  ...
# Subtest: builtin RGB(255, 128, 0)
ok 383 - builtin RGB(255, 128, 0)
  ---
  duration_ms: 5.174208
  type: 'test'
  ...
# Subtest: builtin CInt(2.5)
ok 384 - builtin CInt(2.5)
  ---
  duration_ms: 1.170779
  type: 'test'
  ...
# Subtest: builtin CInt(3.5)
ok 385 - builtin CInt(3.5)
  ---
  duration_ms: 0.931586
  type: 'test'
  ...
# Subtest: builtin Month(DateSerial(2024, 2, 29))
ok 386 - builtin Month(DateSerial(2024, 2, 29))
  ---
  duration_ms: 6.055515
  type: 'test'
  ...
# Subtest: builtin Day(DateAdd("m", 1, DateSerial(2024, 1, 31)))
ok 387 - builtin Day(DateAdd("m", 1, DateSerial(2024, 1, 31)))
  ---
  duration_ms: 1.461682
  type: 'test'
  ...
# Subtest: builtin DateDiff("d", DateSerial(2024, 1, 1), DateSerial(2024, 1, 4))
ok 388 - builtin DateDiff("d", DateSerial(2024, 1, 1), DateSerial(2024, 1, 4))
  ---
  duration_ms: 5.648808
  type: 'test'
  ...
# Subtest: builtin Len("hello")
ok 389 - builtin Len("hello")
  ---
  duration_ms: 1.042396
  type: 'test'
  ...
# Subtest: builtin Asc("A")
ok 390 - builtin Asc("A")
  ---
  duration_ms: 1.067609
  type: 'test'
  ...
# Subtest: builtin Chr$(65)
ok 391 - builtin Chr$(65)
  ---
  duration_ms: 1.205699
  type: 'test'
  ...
# Subtest: builtin Hex$(255)
ok 392 - builtin Hex$(255)
  ---
  duration_ms: 4.525143
  type: 'test'
  ...
# Subtest: builtin Val(" 12.3 apples")
ok 393 - builtin Val(" 12.3 apples")
  ---
  duration_ms: 4.797944
  type: 'test'
  ...
# Subtest: WithEvents dispatches synchronously in connection order with shared ByRef arguments
ok 394 - WithEvents dispatches synchronously in connection order with shared ByRef arguments
  ---
  duration_ms: 5.273121
  type: 'test'
  ...
# Subtest: WithEvents detaches on Nothing and reassignment
ok 395 - WithEvents detaches on Nothing and reassignment
  ---
  duration_ms: 6.118761
  type: 'test'
  ...
# Subtest: WithEvents rejects standard module and procedure declarations
ok 396 - WithEvents rejects standard module and procedure declarations
  ---
  duration_ms: 0.446417
  type: 'test'
  ...
# Subtest: WithEvents rejects arrays and As New
ok 397 - WithEvents rejects arrays and As New
  ---
  duration_ms: 2.835482
  type: 'test'
  ...
# Subtest: RaiseEvent rejects undeclared events
ok 398 - RaiseEvent rejects undeclared events
  ---
  duration_ms: 0.817878
  type: 'test'
  ...
# Subtest: modal forms wait for a queued close handler before resuming the caller
ok 399 - modal forms wait for a queued close handler before resuming the caller
  ---
  duration_ms: 35.98743
  type: 'test'
  ...
# Subtest: nested modal forms preserve execution order and unwind the complete stack
ok 400 - nested modal forms preserve execution order and unwind the complete stack
  ---
  duration_ms: 19.434364
  type: 'test'
  ...
# Subtest: Forms collection includes loaded forms and newly constructed instances
ok 401 - Forms collection includes loaded forms and newly constructed instances
  ---
  duration_ms: 4.922728
  type: 'test'
  ...
# Subtest: QueryUnload cancellation leaves the form loaded and visible
ok 402 - QueryUnload cancellation leaves the form loaded and visible
  ---
  duration_ms: 2.981927
  type: 'test'
  ...
# Subtest: DoEvents pumps queued handlers while an enclosing VB procedure is active
ok 403 - DoEvents pumps queued handlers while an enclosing VB procedure is active
  ---
  duration_ms: 8.151777
  type: 'test'
  ...
# Subtest: native object implementation fields stay private; public case-collision APIs remain callable
ok 404 - native object implementation fields stay private; public case-collision APIs remain callable
  ---
  duration_ms: 11.995312
  type: 'test'
  ...
# Subtest: MDI tile geometry covers every pixel without rounding gaps
ok 405 - MDI tile geometry covers every pixel without rounding gaps
  ---
  duration_ms: 2.133826
  type: 'test'
  ...
# Subtest: MDI cascade cycles positions and icon geometry stays nonnegative
ok 406 - MDI cascade cycles positions and icon geometry stays nonnegative
  ---
  duration_ms: 1.299324
  type: 'test'
  ...
# Subtest: MDI geometry rejects invalid modes and item counts
ok 407 - MDI geometry rejects invalid modes and item counts
  ---
  duration_ms: 0.506752
  type: 'test'
  ...
# Subtest: compiler rejects multiple MDI parents or orphan child forms
ok 408 - compiler rejects multiple MDI parents or orphan child forms
  ---
  duration_ms: 2.242151
  type: 'test'
  ...
# Subtest: native FRM interchange preserves MDI form type and MDIChild property
ok 409 - native FRM interchange preserves MDI form type and MDIChild property
  ---
  duration_ms: 4.806332
  type: 'test'
  ...
# Subtest: MDIForm initialization/load use the native event prefix
ok 410 - MDIForm initialization/load use the native event prefix
  ---
  duration_ms: 37.192869
  type: 'test'
  ...
# Subtest: showing an MDI child first shows its parent once
ok 411 - showing an MDI child first shows its parent once
  ---
  duration_ms: 6.448887
  type: 'test'
  ...
# Subtest: parent load showing children does not recursively reload the MDI parent
ok 412 - parent load showing children does not recursively reload the MDI parent
  ---
  duration_ms: 2.506698
  type: 'test'
  ...
# Subtest: unloading MDI parent dispatches query modes before closing all children
ok 413 - unloading MDI parent dispatches query modes before closing all children
  ---
  duration_ms: 3.286222
  type: 'test'
  ...
# Subtest: one child cancellation preserves all loaded MDI windows
ok 414 - one child cancellation preserves all loaded MDI windows
  ---
  duration_ms: 4.065632
  type: 'test'
  ...
# Subtest: Unload cancellation does not partially hide a sibling window
ok 415 - Unload cancellation does not partially hide a sibling window
  ---
  duration_ms: 1.563144
  type: 'test'
  ...
# Subtest: MDI parent and child modal requests fail before load side effects
ok 416 - MDI parent and child modal requests fail before load side effects
  ---
  duration_ms: 2.466182
  type: 'test'
  ...
# Subtest: New MDIForm is rejected while New child instances work
ok 417 - New MDIForm is rejected while New child instances work
  ---
  duration_ms: 17.729355
  type: 'test'
  ...
# Subtest: sample normalizes and compiles: orders
ok 418 - sample normalizes and compiles: orders
  ---
  duration_ms: 87.344897
  type: 'test'
  ...
# Subtest: sample normalizes and compiles: calculator
ok 419 - sample normalizes and compiles: calculator
  ---
  duration_ms: 12.242731
  type: 'test'
  ...
# Subtest: sample normalizes and compiles: clock
ok 420 - sample normalizes and compiles: clock
  ---
  duration_ms: 1.174473
  type: 'test'
  ...
# Subtest: sample normalizes and compiles: graphics
ok 421 - sample normalizes and compiles: graphics
  ---
  duration_ms: 7.781771
  type: 'test'
  ...
# Subtest: sample normalizes and compiles: data
ok 422 - sample normalizes and compiles: data
  ---
  duration_ms: 35.405548
  type: 'test'
  ...
# Subtest: sample normalizes and compiles: controls
ok 423 - sample normalizes and compiles: controls
  ---
  duration_ms: 6.806423
  type: 'test'
  ...
# Subtest: sample normalizes and compiles: language
ok 424 - sample normalizes and compiles: language
  ---
  duration_ms: 1.840003
  type: 'test'
  ...
# Subtest: sample normalizes and compiles: events
ok 425 - sample normalizes and compiles: events
  ---
  duration_ms: 7.864299
  type: 'test'
  ...
# Subtest: sample normalizes and compiles: richtext
ok 426 - sample normalizes and compiles: richtext
  ---
  duration_ms: 6.473247
  type: 'test'
  ...
# Subtest: sample normalizes and compiles: compatibility
ok 427 - sample normalizes and compiles: compatibility
  ---
  duration_ms: 16.545944
  type: 'test'
  ...
# Subtest: sample normalizes and compiles: mdi
ok 428 - sample normalizes and compiles: mdi
  ---
  duration_ms: 13.044417
  type: 'test'
  ...
# Subtest: project normalization does not mutate original values
ok 429 - project normalization does not mutate original values
  ---
  duration_ms: 0.290978
  type: 'test'
  ...
# Subtest: project rejects future schema and missing modules
ok 430 - project rejects future schema and missing modules
  ---
  duration_ms: 9.928241
  type: 'test'
  ...
# Subtest: project rejects duplicate and invalid module names
ok 431 - project rejects duplicate and invalid module names
  ---
  duration_ms: 0.448647
  type: 'test'
  ...
# Subtest: project repairs duplicate object IDs
ok 432 - project repairs duplicate object IDs
  ---
  duration_ms: 0.287593
  type: 'test'
  ...
# Subtest: project accepts distinct control-array indices and rejects duplicate indices
ok 433 - project accepts distinct control-array indices and rejects duplicate indices
  ---
  duration_ms: 0.648577
  type: 'test'
  ...
# Subtest: project rejects cycles, missing parents and invalid bounds
ok 434 - project rejects cycles, missing parents and invalid bounds
  ---
  duration_ms: 8.363138
  type: 'test'
  ...
# Subtest: all offered control types have serializable models
ok 435 - all offered control types have serializable models
  ---
  duration_ms: 4.674211
  type: 'test'
  ...
# Subtest: FRM values preserve apostrophes, quotes, comments, hex and resource offsets
ok 436 - FRM values preserve apostrophes, quotes, comments, hex and resource offsets
  ---
  duration_ms: 1.54166
  type: 'test'
  ...
# Subtest: native FRM round-trip preserves code, nested parent, fonts and menus
ok 437 - native FRM round-trip preserves code, nested parent, fonts and menus
  ---
  duration_ms: 27.08409
  type: 'test'
  ...
# Subtest: FRM missing End is diagnosed instead of silently truncating
ok 438 - FRM missing End is diagnosed instead of silently truncating
  ---
  duration_ms: 0.577583
  type: 'test'
  ...
# Subtest: VBP round-trip preserves startup, module and class file memberships
ok 439 - VBP round-trip preserves startup, module and class file memberships
  ---
  duration_ms: 1.466015
  type: 'test'
  ...
# Subtest: class source import strips wrapper and attributes without dropping code
ok 440 - class source import strips wrapper and attributes without dropping code
  ---
  duration_ms: 8.87818
  type: 'test'
  ...
# Subtest: lossless browser-project export/import keeps control state and assets
ok 441 - lossless browser-project export/import keeps control state and assets
  ---
  duration_ms: 2.195309
  type: 'test'
  ...
# Subtest: native-style source bundle imports and diagnoses unavailable references
ok 442 - native-style source bundle imports and diagnoses unavailable references
  ---
  duration_ms: 16.205255
  type: 'test'
  ...
# Subtest: missing VBP member has an explicit diagnostic
ok 443 - missing VBP member has an explicit diagnostic
  ---
  duration_ms: 10.71116
  type: 'test'
  ...
# Subtest: legacy Windows-1252 source is decoded with an explicit warning
ok 444 - legacy Windows-1252 source is decoded with an explicit warning
  ---
  duration_ms: 1.429797
  type: 'test'
  ...
# Subtest: ZIP STORE round-trip supports binary bytes and UTF-8 names
ok 445 - ZIP STORE round-trip supports binary bytes and UTF-8 names
  ---
  duration_ms: 1.82305
  type: 'test'
  ...
# Subtest: ZIP CRC matches the published CRC32 check value
ok 446 - ZIP CRC matches the published CRC32 check value
  ---
  duration_ms: 0.121601
  type: 'test'
  ...
# Subtest: ZIP rejects path traversal, drive and absolute names
ok 447 - ZIP rejects path traversal, drive and absolute names
  ---
  duration_ms: 0.480233
  type: 'test'
  ...
# Subtest: ZIP rejects corrupted payload and declared expansion limit
ok 448 - ZIP rejects corrupted payload and declared expansion limit
  ---
  duration_ms: 0.645925
  type: 'test'
  ...
# Subtest: ZIP accepts raw DEFLATE files produced by another implementation
ok 449 - ZIP accepts raw DEFLATE files produced by another implementation
  ---
  duration_ms: 99.859014
  type: 'test'
  ...
# Subtest: HTML exporter embeds source safely without script injection
ok 450 - HTML exporter embeds source safely without script injection
  ---
  duration_ms: 16.543236
  type: 'test'
  ...
# Subtest: HTML exporter rejects syntax errors instead of shipping a broken application
ok 451 - HTML exporter rejects syntax errors instead of shipping a broken application
  ---
  duration_ms: 0.435773
  type: 'test'
  ...
# Subtest: HTML exporter has no external script or style dependencies
ok 452 - HTML exporter has no external script or style dependencies
  ---
  duration_ms: 29.345021
  type: 'test'
  ...
# Subtest: syntax highlighting escapes HTML while preserving VB strings and comments
ok 453 - syntax highlighting escapes HTML while preserving VB strings and comments
  ---
  duration_ms: 0.808411
  type: 'test'
  ...
# Subtest: rename handles identifiers and event prefixes but preserves strings/comments
ok 454 - rename handles identifiers and event prefixes but preserves strings/comments
  ---
  duration_ms: 0.925433
  type: 'test'
  ...
# Subtest: procedure index retains source line numbers
ok 455 - procedure index retains source line numbers
  ---
  duration_ms: 0.517858
  type: 'test'
  ...
# Subtest: formatter correctly indents nested Select Case and If branches
ok 456 - formatter correctly indents nested Select Case and If branches
  ---
  duration_ms: 10.223208
  type: 'test'
  ...
# Subtest: undo/redo snapshots remain immutable and discard redo after branching
ok 457 - undo/redo snapshots remain immutable and discard redo after branching
  ---
  duration_ms: 1.954877
  type: 'test'
  ...
# Subtest: source undo records only changed source, coalesces edits and composes with snapshots
ok 458 - source undo records only changed source, coalesces edits and composes with snapshots
  ---
  duration_ms: 4.93306
  type: 'test'
  ...
# Subtest: history honors count and approximate byte budgets
ok 459 - history honors count and approximate byte budgets
  ---
  duration_ms: 0.477809
  type: 'test'
  ...
# Subtest: signals unsubscribe listeners
ok 460 - signals unsubscribe listeners
  ---
  duration_ms: 0.307734
  type: 'test'
  ...
# Subtest: TreeView collection supports ordered nodes, expansion, removal and deep trees
ok 461 - TreeView collection supports ordered nodes, expansion, removal and deep trees
  ---
  duration_ms: 1474.729558
  type: 'test'
  ...
# Subtest: ListView item mutation notifies and preserves indexed subitems
ok 462 - ListView item mutation notifies and preserves indexed subitems
  ---
  duration_ms: 1.4569
  type: 'test'
  ...
# Subtest: ControlArray reports sparse bounds and delegates Load and Unload
ok 463 - ControlArray reports sparse bounds and delegates Load and Unload
  ---
  duration_ms: 2.267156
  type: 'test'
  ...
# Subtest: project normalization preserves stable IDs across repeated loads
ok 464 - project normalization preserves stable IDs across repeated loads
  ---
  duration_ms: 2.221705
  type: 'test'
  ...
# Subtest: exported generator and runtime version match the release package
ok 465 - exported generator and runtime version match the release package
  ---
  duration_ms: 4.832866
  type: 'test'
  ...
# Subtest: UDT assignment copies fields and fixed-length strings
ok 466 - UDT assignment copies fields and fixed-length strings
  ---
  duration_ms: 56.318294
  type: 'test'
  ...
# Subtest: nested UDTs and fixed member arrays are copied independently
ok 467 - nested UDTs and fixed member arrays are copied independently
  ---
  duration_ms: 14.040907
  type: 'test'
  ...
# Subtest: record assignment preserves existing ByRef field references
ok 468 - record assignment preserves existing ByRef field references
  ---
  duration_ms: 5.403309
  type: 'test'
  ...
# Subtest: record assignment preserves nested field aliases
ok 469 - record assignment preserves nested field aliases
  ---
  duration_ms: 1.699279
  type: 'test'
  ...
# Subtest: record arrays allocate independent typed elements and copy element assignments
ok 470 - record arrays allocate independent typed elements and copy element assignments
  ---
  duration_ms: 5.533555
  type: 'test'
  ...
# Subtest: dynamic record arrays preserve old fields and initialize only new elements
ok 471 - dynamic record arrays preserve old fields and initialize only new elements
  ---
  duration_ms: 3.191751
  type: 'test'
  ...
# Subtest: Erase resets fixed arrays of UDTs without losing field types
ok 472 - Erase resets fixed arrays of UDTs without losing field types
  ---
  duration_ms: 2.883013
  type: 'test'
  ...
# Subtest: fixed-length string arrays preserve declared width after assignments and Erase
ok 473 - fixed-length string arrays preserve declared width after assignments and Erase
  ---
  duration_ms: 0.905894
  type: 'test'
  ...
# Subtest: dynamic array assignment copies values and bounds
ok 474 - dynamic array assignment copies values and bounds
  ---
  duration_ms: 5.404193
  type: 'test'
  ...
# Subtest: Variant array assignment has independent contents
ok 475 - Variant array assignment has independent contents
  ---
  duration_ms: 6.204195
  type: 'test'
  ...
# Subtest: ByVal Variant array arguments operate on a value copy
ok 476 - ByVal Variant array arguments operate on a value copy
  ---
  duration_ms: 3.10652
  type: 'test'
  ...
# Subtest: ByRef arrays continue to share typed array elements
ok 477 - ByRef arrays continue to share typed array elements
  ---
  duration_ms: 0.846992
  type: 'test'
  ...
# Subtest: UDT functions return typed zero-initialized storage and copied records
ok 478 - UDT functions return typed zero-initialized storage and copied records
  ---
  duration_ms: 1.111702
  type: 'test'
  ...
# Subtest: ByVal record and typed array declarations are diagnosed, but ParamArray is valid
ok 479 - ByVal record and typed array declarations are diagnosed, but ParamArray is valid
  ---
  duration_ms: 0.528904
  type: 'test'
  ...
# Subtest: ByRef UDT mismatches fail rather than changing an unrelated record
ok 480 - ByRef UDT mismatches fail rather than changing an unrelated record
  ---
  duration_ms: 3.729818
  type: 'test'
  ...
# Subtest: UDT assignments reject different record types and scalars
ok 481 - UDT assignments reject different record types and scalars
  ---
  duration_ms: 2.98181
  type: 'test'
  ...
# Subtest: fixed-size array whole assignments and redimensioning fail explicitly
ok 482 - fixed-size array whole assignments and redimensioning fail explicitly
  ---
  duration_ms: 4.710333
  type: 'test'
  ...
# Subtest: typed array assignments reject incompatible element types
ok 483 - typed array assignments reject incompatible element types
  ---
  duration_ms: 0.690002
  type: 'test'
  ...
# Subtest: ReDim failure leaves bounds and data unchanged
ok 484 - ReDim failure leaves bounds and data unchanged
  ---
  duration_ms: 0.374792
  type: 'test'
  ...
# Subtest: cloning array values does not clone actual object references
ok 485 - cloning array values does not clone actual object references
  ---
  duration_ms: 0.503368
  type: 'test'
  ...
# Subtest: copying malformed same-name records is atomic
ok 486 - copying malformed same-name records is atomic
  ---
  duration_ms: 0.29207
  type: 'test'
  ...
# Subtest: UDTs are values, not assignable Object references
ok 487 - UDTs are values, not assignable Object references
  ---
  duration_ms: 0.087594
  type: 'test'
  ...
# Subtest: arrays of UDTs encode and decode as typed records with no spurious descriptors
ok 488 - arrays of UDTs encode and decode as typed records with no spurious descriptors
  ---
  duration_ms: 6.372774
  type: 'test'
  ...
# Subtest: Random arrays of UDTs retain descriptors and element factories
ok 489 - Random arrays of UDTs retain descriptors and element factories
  ---
  duration_ms: 24.996661
  type: 'test'
  ...
# Subtest: records with fixed-length string arrays use raw fixed-width bytes
ok 490 - records with fixed-length string arrays use raw fixed-width bytes
  ---
  duration_ms: 1.671518
  type: 'test'
  ...
# Subtest: array rank and Long subscript bounds are checked before allocation
ok 491 - array rank and Long subscript bounds are checked before allocation
  ---
  duration_ms: 0.267567
  type: 'test'
  ...
# Subtest: multidimensional array enumeration visits the first dimension fastest
ok 492 - multidimensional array enumeration visits the first dimension fastest
  ---
  duration_ms: 0.155671
  type: 'test'
  ...
# Subtest: IsObject excludes Currency and record values but includes Nothing references
ok 493 - IsObject excludes Currency and record values but includes Nothing references
  ---
  duration_ms: 2.009128
  type: 'test'
  ...
# Subtest: Win32 .res exports null header and byte-exact ordinal entries
ok 494 - Win32 .res exports null header and byte-exact ordinal entries
  ---
  duration_ms: 9.974023
  type: 'test'
  ...
# Subtest: Unicode named resource IDs remain distinct from ordinals
ok 495 - Unicode named resource IDs remain distinct from ordinals
  ---
  duration_ms: 0.936098
  type: 'test'
  ...
# Subtest: empty binary payloads are valid resources
ok 496 - empty binary payloads are valid resources
  ---
  duration_ms: 0.312883
  type: 'test'
  ...
# Subtest: resource header values preserve full unsigned 32-bit metadata
ok 497 - resource header values preserve full unsigned 32-bit metadata
  ---
  duration_ms: 0.391895
  type: 'test'
  ...
# Subtest: unchanged files preserve nonzero padding and opaque header extensions
ok 498 - unchanged files preserve nonzero padding and opaque header extensions
  ---
  duration_ms: 1.09933
  type: 'test'
  ...
# Subtest: editing an entry preserves unrelated opaque payload bytes
ok 499 - editing an entry preserves unrelated opaque payload bytes
  ---
  duration_ms: 0.872368
  type: 'test'
  ...
# Subtest: RES rejects truncated data and truncated alignment padding
ok 500 - RES rejects truncated data and truncated alignment padding
  ---
  duration_ms: 1.878284
  type: 'test'
  ...
# Subtest: RES rejects header overflows and unaligned header sizes
ok 501 - RES rejects header overflows and unaligned header sizes
  ---
  duration_ms: 0.683358
  type: 'test'
  ...
# Subtest: RES rejects huge size and missing null prefix
ok 502 - RES rejects huge size and missing null prefix
  ---
  duration_ms: 0.668936
  type: 'test'
  ...
# Subtest: RES duplicate triples rejected, distinct languages retained
ok 503 - RES duplicate triples rejected, distinct languages retained
  ---
  duration_ms: 0.797685
  type: 'test'
  ...
# Subtest: resource transactions reject malformed IDs without mutating input
ok 504 - resource transactions reject malformed IDs without mutating input
  ---
  duration_ms: 0.534303
  type: 'test'
  ...
# Subtest: unsafe resource paths and payloads are rejected by project normalization
ok 505 - unsafe resource paths and payloads are rejected by project normalization
  ---
  duration_ms: 5.551469
  type: 'test'
  ...
# Subtest: resource removal has value-copy semantics
ok 506 - resource removal has value-copy semantics
  ---
  duration_ms: 1.086489
  type: 'test'
  ...
# Subtest: string tables preserve UTF-16, embedded NUL and lone surrogate code units
ok 507 - string tables preserve UTF-16, embedded NUL and lone surrogate code units
  ---
  duration_ms: 0.517994
  type: 'test'
  ...
# Subtest: string table supports ID zero and upper boundary in separate blocks
ok 508 - string table supports ID zero and upper boundary in separate blocks
  ---
  duration_ms: 1.088326
  type: 'test'
  ...
# Subtest: string-table decoder rejects truncation or unexplained trailing data
ok 509 - string-table decoder rejects truncation or unexplained trailing data
  ---
  duration_ms: 0.275784
  type: 'test'
  ...
# Subtest: language selection prefers exact LANGID, neutral, then file order
ok 510 - language selection prefers exact LANGID, neutral, then file order
  ---
  duration_ms: 0.667078
  type: 'test'
  ...
# Subtest: resource data returns independent zero-based typed Byte arrays
ok 511 - resource data returns independent zero-based typed Byte arrays
  ---
  duration_ms: 4.195664
  type: 'test'
  ...
# Subtest: missing resources report runtime error 326 and invalid arguments report 5
ok 512 - missing resources report runtime error 326 and invalid arguments report 5
  ---
  duration_ms: 0.543213
  type: 'test'
  ...
# Subtest: bitmap resources become self-contained browser image URLs
ok 513 - bitmap resources become self-contained browser image URLs
  ---
  duration_ms: 0.887636
  type: 'test'
  ...
# Subtest: icon groups assemble independent ICO files and validate image lengths
ok 514 - icon groups assemble independent ICO files and validate image lengths
  ---
  duration_ms: 0.621191
  type: 'test'
  ...
# Subtest: VM LoadRes functions and typed array inspection execute from source
ok 515 - VM LoadRes functions and typed array inspection execute from source
  ---
  duration_ms: 23.448542
  type: 'test'
  ...
# Subtest: native VBP imports referenced .res and emits relative resource paths exactly once
ok 516 - native VBP imports referenced .res and emits relative resource paths exactly once
  ---
  duration_ms: 39.630714
  type: 'test'
  ...
# Subtest: unavailable referenced .res is reported, not silently synthesized
ok 517 - unavailable referenced .res is reported, not silently synthesized
  ---
  duration_ms: 1.437245
  type: 'test'
  ...
# Subtest: resource snapshot ignores changes in the original model
ok 518 - resource snapshot ignores changes in the original model
  ---
  duration_ms: 0.230597
  type: 'test'
  ...
# Subtest: FRX text8 round-trip decodes Windows-1252 text
ok 519 - FRX text8 round-trip decodes Windows-1252 text
  ---
  duration_ms: 1.272653
  type: 'test'
  ...
# Subtest: FRX text16 round-trip decodes Windows-1252 text
ok 520 - FRX text16 round-trip decodes Windows-1252 text
  ---
  duration_ms: 0.155104
  type: 'test'
  ...
# Subtest: FRX text32 round-trip decodes Windows-1252 text
ok 521 - FRX text32 round-trip decodes Windows-1252 text
  ---
  duration_ms: 0.123116
  type: 'test'
  ...
# Subtest: FRX text writers upgrade undersized headers
ok 522 - FRX text writers upgrade undersized headers
  ---
  duration_ms: 11.043143
  type: 'test'
  ...
# Subtest: FRX pictures preserve byte layout, exact length, and raster bytes
ok 523 - FRX pictures preserve byte layout, exact length, and raster bytes
  ---
  duration_ms: 1.620597
  type: 'test'
  ...
# Subtest: FRX list records retain empty entries, extended characters and signature
ok 524 - FRX list records retain empty entries, extended characters and signature
  ---
  duration_ms: 0.303254
  type: 'test'
  ...
# Subtest: FRX rejects overrun, mismatched length, and malformed lists without unsafe reads
ok 525 - FRX rejects overrun, mismatched length, and malformed lists without unsafe reads
  ---
  duration_ms: 0.508411
  type: 'test'
  ...
# Subtest: FRX rejects invalid offsets and unsafe embedded URLs
ok 526 - FRX rejects invalid offsets and unsafe embedded URLs
  ---
  duration_ms: 0.289418
  type: 'test'
  ...
# Subtest: FRX DIB records become valid BMP wrappers with palette offset
ok 527 - FRX DIB records become valid BMP wrappers with palette offset
  ---
  duration_ms: 0.391187
  type: 'test'
  ...
# Subtest: resource references preserve dollar-text prefix and escaped names
ok 528 - resource references preserve dollar-text prefix and escaped names
  ---
  duration_ms: 0.562652
  type: 'test'
  ...
# Subtest: project paths resolve relative and case-insensitive references without ambiguity
ok 529 - project paths resolve relative and case-insensitive references without ambiguity
  ---
  duration_ms: 0.873208
  type: 'test'
  ...
# Subtest: project paths reject traversal outside the root and absolute targets
ok 530 - project paths reject traversal outside the root and absolute targets
  ---
  duration_ms: 0.208828
  type: 'test'
  ...
# Subtest: FRX import hydrates text and preserves native bytes/reference on unchanged export
ok 531 - FRX import hydrates text and preserves native bytes/reference on unchanged export
  ---
  duration_ms: 5.801559
  type: 'test'
  ...
# Subtest: edited FRX text appends a new record and leaves every original byte unchanged
ok 532 - edited FRX text appends a new record and leaves every original byte unchanged
  ---
  duration_ms: 1.554561
  type: 'test'
  ...
# Subtest: FRX List edits do not mutate the resource baseline or lose native export
ok 533 - FRX List edits do not mutate the resource baseline or lose native export
  ---
  duration_ms: 1.109173
  type: 'test'
  ...
# Subtest: FRX pictures hydrate as offline data URLs and survive exact native round-trip
ok 534 - FRX pictures hydrate as offline data URLs and survive exact native round-trip
  ---
  duration_ms: 0.503031
  type: 'test'
  ...
# Subtest: unknown resource records remain opaque with useful diagnostics and unmodified bytes
ok 535 - unknown resource records remain opaque with useful diagnostics and unmodified bytes
  ---
  duration_ms: 0.520388
  type: 'test'
  ...
# Subtest: missing and corrupt FRX records produce warnings rather than corrupting source metadata
ok 536 - missing and corrupt FRX records produce warnings rather than corrupting source metadata
  ---
  duration_ms: 0.412242
  type: 'test'
  ...
# Subtest: native export writes newly designed multiline text, list and picture FRX entries
ok 537 - native export writes newly designed multiline text, list and picture FRX entries
  ---
  duration_ms: 3.563243
  type: 'test'
  ...
# Subtest: import respects VBP membership, native nested paths and raw metadata
ok 538 - import respects VBP membership, native nested paths and raw metadata
  ---
  duration_ms: 0.844737
  type: 'test'
  ...
# Subtest: native source retains module/member attributes and class header options
ok 539 - native source retains module/member attributes and class header options
  ---
  duration_ms: 0.694249
  type: 'test'
  ...
# Subtest: FRM nested property groups and OCX declarations survive serialization
ok 540 - FRM nested property groups and OCX declarations survive serialization
  ---
  duration_ms: 0.328029
  type: 'test'
  ...
# Subtest: legacy native source exports in its original Windows-1252 encoding
ok 541 - legacy native source exports in its original Windows-1252 encoding
  ---
  duration_ms: 0.807113
  type: 'test'
  ...
# Subtest: case-only duplicate paths are rejected before interpretation
ok 542 - case-only duplicate paths are rejected before interpretation
  ---
  duration_ms: 0.263423
  type: 'test'
  ...
# Subtest: resource aggregate preserves multiple adjacent records and offsets
ok 543 - resource aggregate preserves multiple adjacent records and offsets
  ---
  duration_ms: 0.185074
  type: 'test'
  ...
# Subtest: RTF preserves original byte characters while unchanged
ok 544 - RTF preserves original byte characters while unchanged
  ---
  duration_ms: 7.91957
  type: 'test'
  ...
# Subtest: RTF Unicode fallbacks, signed surrogates, CRLF and tabs preserve UTF-16 indices
ok 545 - RTF Unicode fallbacks, signed surrogates, CRLF and tabs preserve UTF-16 indices
  ---
  duration_ms: 0.564944
  type: 'test'
  ...
# Subtest: RTF nested group formatting restores the enclosing character state
ok 546 - RTF nested group formatting restores the enclosing character state
  ---
  duration_ms: 0.360934
  type: 'test'
  ...
# Subtest: RTF multiple fallback bytes and escaped fallback symbols are skipped exactly
ok 547 - RTF multiple fallback bytes and escaped fallback symbols are skipped exactly
  ---
  duration_ms: 8.248434
  type: 'test'
  ...
# Subtest: RTF font table default, font switching, Unicode font names and plain reset
ok 548 - RTF font table default, font switching, Unicode font names and plain reset
  ---
  duration_ms: 4.517865
  type: 'test'
  ...
# Subtest: RTF color table, half point sizes, strike, underline and hidden text
ok 549 - RTF color table, half point sizes, strike, underline and hidden text
  ---
  duration_ms: 22.640901
  type: 'test'
  ...
# Subtest: RTF paragraph alignment and indentation restore with pard
ok 550 - RTF paragraph alignment and indentation restore with pard
  ---
  duration_ms: 0.288829
  type: 'test'
  ...
# Subtest: RTF Windows-1251, Shift-JIS and font-level charsets decode contiguous bytes
ok 551 - RTF Windows-1251, Shift-JIS and font-level charsets decode contiguous bytes
  ---
  duration_ms: 0.886315
  type: 'test'
  ...
# Subtest: RTF unknown destinations and OLE/binary groups cannot become active content
ok 552 - RTF unknown destinations and OLE/binary groups cannot become active content
  ---
  duration_ms: 1.512283
  type: 'test'
  ...
# Subtest: RTF unsupported structures remain warned, and failure to export is not destructive
ok 553 - RTF unsupported structures remain warned, and failure to export is not destructive
  ---
  duration_ms: 4.283684
  type: 'test'
  ...
# Subtest: RTF rejects invalid header without running content
ok 554 - RTF rejects invalid header without running content
  ---
  duration_ms: 0.23773
  type: 'test'
  ...
# Subtest: RTF rejects invalid unclosed without running content
ok 555 - RTF rejects invalid unclosed without running content
  ---
  duration_ms: 0.105727
  type: 'test'
  ...
# Subtest: RTF rejects invalid extra without running content
ok 556 - RTF rejects invalid extra without running content
  ---
  duration_ms: 0.059729
  type: 'test'
  ...
# Subtest: RTF rejects invalid roots without running content
ok 557 - RTF rejects invalid roots without running content
  ---
  duration_ms: 0.046583
  type: 'test'
  ...
# Subtest: RTF rejects invalid suffix without running content
ok 558 - RTF rejects invalid suffix without running content
  ---
  duration_ms: 0.072286
  type: 'test'
  ...
# Subtest: RTF rejects invalid hex without running content
ok 559 - RTF rejects invalid hex without running content
  ---
  duration_ms: 0.045039
  type: 'test'
  ...
# Subtest: RTF rejects invalid binary without running content
ok 560 - RTF rejects invalid binary without running content
  ---
  duration_ms: 0.050963
  type: 'test'
  ...
# Subtest: RTF rejects invalid unicode without running content
ok 561 - RTF rejects invalid unicode without running content
  ---
  duration_ms: 0.05088
  type: 'test'
  ...
# Subtest: RTF rejects invalid fallback without running content
ok 562 - RTF rejects invalid fallback without running content
  ---
  duration_ms: 1.723233
  type: 'test'
  ...
# Subtest: RTF rejects invalid size without running content
ok 563 - RTF rejects invalid size without running content
  ---
  duration_ms: 0.119045
  type: 'test'
  ...
# Subtest: RTF rejects invalid color without running content
ok 564 - RTF rejects invalid color without running content
  ---
  duration_ms: 0.075095
  type: 'test'
  ...
# Subtest: RTF rejects invalid codepage without running content
ok 565 - RTF rejects invalid codepage without running content
  ---
  duration_ms: 0.056123
  type: 'test'
  ...
# Subtest: RTF group nesting and source size limits reject unbounded input
ok 566 - RTF group nesting and source size limits reject unbounded input
  ---
  duration_ms: 1.703116
  type: 'test'
  ...
# Subtest: Rich text CRLF normalization happens at input, not during range slicing
ok 567 - Rich text CRLF normalization happens at input, not during range slicing
  ---
  duration_ms: 0.874816
  type: 'test'
  ...
# Subtest: Rich text insertion, removal and formatting keep adjacent styles and merge runs
ok 568 - Rich text insertion, removal and formatting keep adjacent styles and merge runs
  ---
  duration_ms: 9.898804
  type: 'test'
  ...
# Subtest: Rich text range and length errors leave the document unchanged
ok 569 - Rich text range and length errors leave the document unchanged
  ---
  duration_ms: 28.643247
  type: 'test'
  ...
# Subtest: Rich text paragraph formatting uses full paragraphs without touching the next boundary
ok 570 - Rich text paragraph formatting uses full paragraphs without touching the next boundary
  ---
  duration_ms: 0.501248
  type: 'test'
  ...
# Subtest: Rich text empty and final empty paragraph formatting survives RTF export
ok 571 - Rich text empty and final empty paragraph formatting survives RTF export
  ---
  duration_ms: 1.66243
  type: 'test'
  ...
# Subtest: Rich text snapshot restores text, formatting, original RTF, tail style and warnings
ok 572 - Rich text snapshot restores text, formatting, original RTF, tail style and warnings
  ---
  duration_ms: 0.310872
  type: 'test'
  ...
# Subtest: RTF edited writer round-trips Unicode, escaping and every supported style
ok 573 - RTF edited writer round-trips Unicode, escaping and every supported style
  ---
  duration_ms: 0.8222
  type: 'test'
  ...
# Subtest: RTF writer is deterministic over independently constructed equal runs
ok 574 - RTF writer is deterministic over independently constructed equal runs
  ---
  duration_ms: 0.300393
  type: 'test'
  ...
# Subtest: RichTextBox constants match file types, alignment and search bit flags
ok 575 - RichTextBox constants match file types, alignment and search bit flags
  ---
  duration_ms: 0.089255
  type: 'test'
  ...
# Subtest: DateAdd year clamps 2024-02-29 1
ok 576 - DateAdd year clamps 2024-02-29 1
  ---
  duration_ms: 3.862488
  type: 'test'
  ...
# Subtest: DateAdd year clamps 2024-02-29 -4
ok 577 - DateAdd year clamps 2024-02-29 -4
  ---
  duration_ms: 0.221784
  type: 'test'
  ...
# Subtest: DateAdd year clamps 2024-01-31 1
ok 578 - DateAdd year clamps 2024-01-31 1
  ---
  duration_ms: 0.133819
  type: 'test'
  ...
# Subtest: DateAdd m 2024-01-31 1
ok 579 - DateAdd m 2024-01-31 1
  ---
  duration_ms: 2.410361
  type: 'test'
  ...
# Subtest: DateAdd m 2023-03-31 -1
ok 580 - DateAdd m 2023-03-31 -1
  ---
  duration_ms: 0.248501
  type: 'test'
  ...
# Subtest: DateAdd q 2024-11-30 1
ok 581 - DateAdd q 2024-11-30 1
  ---
  duration_ms: 0.990706
  type: 'test'
  ...
# Subtest: DateAdd d 2024-02-28 1
ok 582 - DateAdd d 2024-02-28 1
  ---
  duration_ms: 0.553219
  type: 'test'
  ...
# Subtest: DateAdd w 2024-02-28 1
ok 583 - DateAdd w 2024-02-28 1
  ---
  duration_ms: 0.127148
  type: 'test'
  ...
# Subtest: DateAdd rounds amount ties-to-even
ok 584 - DateAdd rounds amount ties-to-even
  ---
  duration_ms: 0.537942
  type: 'test'
  ...
# Subtest: DateDiff counts yyyy boundaries
ok 585 - DateDiff counts yyyy boundaries
  ---
  duration_ms: 1.894447
  type: 'test'
  ...
# Subtest: DateDiff counts q boundaries
ok 586 - DateDiff counts q boundaries
  ---
  duration_ms: 0.158952
  type: 'test'
  ...
# Subtest: DateDiff counts m boundaries
ok 587 - DateDiff counts m boundaries
  ---
  duration_ms: 0.065147
  type: 'test'
  ...
# Subtest: DateDiff counts d boundaries
ok 588 - DateDiff counts d boundaries
  ---
  duration_ms: 0.107209
  type: 'test'
  ...
# Subtest: DateDiff counts h boundaries
ok 589 - DateDiff counts h boundaries
  ---
  duration_ms: 0.062796
  type: 'test'
  ...
# Subtest: DateDiff counts n boundaries
ok 590 - DateDiff counts n boundaries
  ---
  duration_ms: 0.097859
  type: 'test'
  ...
# Subtest: DateDiff counts s boundaries
ok 591 - DateDiff counts s boundaries
  ---
  duration_ms: 0.059243
  type: 'test'
  ...
# Subtest: DateDiff weekday is distinct from calendar week
ok 592 - DateDiff weekday is distinct from calendar week
  ---
  duration_ms: 0.100563
  type: 'test'
  ...
# Subtest: DatePart all supported intervals
ok 593 - DatePart all supported intervals
  ---
  duration_ms: 2.984383
  type: 'test'
  ...
# Subtest: DatePart week rules handle previous-year first days
ok 594 - DatePart week rules handle previous-year first days
  ---
  duration_ms: 0.144493
  type: 'test'
  ...
# Subtest: OLE DATE fractional conversion -1.25
ok 595 - OLE DATE fractional conversion -1.25
  ---
  duration_ms: 0.132755
  type: 'test'
  ...
# Subtest: OLE DATE fractional conversion -2.5
ok 596 - OLE DATE fractional conversion -2.5
  ---
  duration_ms: 0.053391
  type: 'test'
  ...
# Subtest: OLE DATE fractional conversion -0.5
ok 597 - OLE DATE fractional conversion -0.5
  ---
  duration_ms: 0.044322
  type: 'test'
  ...
# Subtest: OLE DATE fractional conversion 0
ok 598 - OLE DATE fractional conversion 0
  ---
  duration_ms: 0.038107
  type: 'test'
  ...
# Subtest: OLE DATE fractional conversion 2.25
ok 599 - OLE DATE fractional conversion 2.25
  ---
  duration_ms: 0.038938
  type: 'test'
  ...
# Subtest: OLE dates at year 100/9999 boundaries and overflow
ok 600 - OLE dates at year 100/9999 boundaries and overflow
  ---
  duration_ms: 0.47379
  type: 'test'
  ...
# Subtest: DateSerial rollover and TimeSerial normalization
ok 601 - DateSerial rollover and TimeSerial normalization
  ---
  duration_ms: 2.410658
  type: 'test'
  ...
# Subtest: time-only CDate uses OLE epoch and AM/PM
ok 602 - time-only CDate uses OLE epoch and AM/PM
  ---
  duration_ms: 0.398508
  type: 'test'
  ...
# Subtest: Weekday and localized-name defaults have bounded arguments
ok 603 - Weekday and localized-name defaults have bounded arguments
  ---
  duration_ms: 46.436765
  type: 'test'
  ...
# Subtest: Date conversion rejects invalid civil dates without normalizing them
ok 604 - Date conversion rejects invalid civil dates without normalizing them
  ---
  duration_ms: 0.321399
  type: 'test'
  ...
# Subtest: civil calculations work across Warsaw daylight-saving boundary
ok 605 - civil calculations work across Warsaw daylight-saving boundary
  ---
  duration_ms: 155.704889
  type: 'test'
  ...
# Subtest: date literals and source functions use civil date parsing
ok 606 - date literals and source functions use civil date parsing
  ---
  duration_ms: 34.539986
  type: 'test'
  ...
# Subtest: calendar named arguments and week constants
ok 607 - calendar named arguments and week constants
  ---
  duration_ms: 2.346167
  type: 'test'
  ...
# Subtest: IsDate and IsNumeric reject Null/Nothing/Error
ok 608 - IsDate and IsNumeric reject Null/Nothing/Error
  ---
  duration_ms: 1.860104
  type: 'test'
  ...
# Subtest: CVErr remains a Variant Error with explicit conversions
ok 609 - CVErr remains a Variant Error with explicit conversions
  ---
  duration_ms: 9.491745
  type: 'test'
  ...
# Subtest: implicit Error conversion rejects String
ok 610 - implicit Error conversion rejects String
  ---
  duration_ms: 0.11987
  type: 'test'
  ...
# Subtest: implicit Error conversion rejects Long
ok 611 - implicit Error conversion rejects Long
  ---
  duration_ms: 0.047337
  type: 'test'
  ...
# Subtest: implicit Error conversion rejects Integer
ok 612 - implicit Error conversion rejects Integer
  ---
  duration_ms: 0.082416
  type: 'test'
  ...
# Subtest: implicit Error conversion rejects Double
ok 613 - implicit Error conversion rejects Double
  ---
  duration_ms: 0.045219
  type: 'test'
  ...
# Subtest: implicit Error conversion rejects Date
ok 614 - implicit Error conversion rejects Date
  ---
  duration_ms: 0.092493
  type: 'test'
  ...
# Subtest: implicit Error conversion rejects Object
ok 615 - implicit Error conversion rejects Object
  ---
  duration_ms: 0.042842
  type: 'test'
  ...
# Subtest: Error arithmetic and comparisons reject implicit coercion
ok 616 - Error arithmetic and comparisons reject implicit coercion
  ---
  duration_ms: 0.351221
  type: 'test'
  ...
# Subtest: CVErr range and integral rounding
ok 617 - CVErr range and integral rounding
  ---
  duration_ms: 0.105348
  type: 'test'
  ...
# Subtest: Error variants survive typed binary Get/Put
ok 618 - Error variants survive typed binary Get/Put
  ---
  duration_ms: 0.567392
  type: 'test'
  ...
# Subtest: negative fractional dates survive typed binary Get/Put
ok 619 - negative fractional dates survive typed binary Get/Put
  ---
  duration_ms: 0.113655
  type: 'test'
  ...
# Subtest: CallByName dispatches methods, fields and indexed properties
ok 620 - CallByName dispatches methods, fields and indexed properties
  ---
  duration_ms: 10.656456
  type: 'test'
  ...
# Subtest: CallByName vbSet preserves identity and Nothing
ok 621 - CallByName vbSet preserves identity and Nothing
  ---
  duration_ms: 7.912653
  type: 'test'
  ...
# Subtest: CallByName native dictionary methods and indexed property
ok 622 - CallByName native dictionary methods and indexed property
  ---
  duration_ms: 1.442929
  type: 'test'
  ...
# Subtest: strict dispatch rejects Debug.Print b.hidden
ok 623 - strict dispatch rejects Debug.Print b.hidden
  ---
  duration_ms: 5.914971
  type: 'test'
  ...
# Subtest: strict dispatch rejects b.hidden = 3
ok 624 - strict dispatch rejects b.hidden = 3
  ---
  duration_ms: 1.398159
  type: 'test'
  ...
# Subtest: strict dispatch rejects Debug.Print b.Secret()
ok 625 - strict dispatch rejects Debug.Print b.Secret()
  ---
  duration_ms: 9.672788
  type: 'test'
  ...
# Subtest: strict dispatch rejects Debug.Print CallByName(b, "hidden", vbGet)
ok 626 - strict dispatch rejects Debug.Print CallByName(b, "hidden", vbGet)
  ---
  duration_ms: 1.133801
  type: 'test'
  ...
# Subtest: strict dispatch rejects Debug.Print CallByName(b, "Secret", vbMethod)
ok 627 - strict dispatch rejects Debug.Print CallByName(b, "Secret", vbMethod)
  ---
  duration_ms: 0.89728
  type: 'test'
  ...
# Subtest: strict dispatch rejects CallByName b, "Missing", vbLet, 2
ok 628 - strict dispatch rejects CallByName b, "Missing", vbLet, 2
  ---
  duration_ms: 5.801941
  type: 'test'
  ...
# Subtest: strict dispatch rejects CallByName b, "Value", vbMethod
ok 629 - strict dispatch rejects CallByName b, "Value", vbMethod
  ---
  duration_ms: 9.564227
  type: 'test'
  ...
# Subtest: strict dispatch rejects CallByName b, "Multiply", vbGet, 2
ok 630 - strict dispatch rejects CallByName b, "Multiply", vbGet, 2
  ---
  duration_ms: 5.805351
  type: 'test'
  ...
# Subtest: strict dispatch rejects CallByName b, "Value", 99, 1
ok 631 - strict dispatch rejects CallByName b, "Value", 99, 1
  ---
  duration_ms: 1.718152
  type: 'test'
  ...
# Subtest: strict dispatch rejects CallByName b, "Child", vbSet, 2
ok 632 - strict dispatch rejects CallByName b, "Child", vbSet, 2
  ---
  duration_ms: 15.308965
  type: 'test'
  ...
# Subtest: strict dispatch rejects CallByName b, "Child", vbLet, 2
ok 633 - strict dispatch rejects CallByName b, "Child", vbLet, 2
  ---
  duration_ms: 1.493419
  type: 'test'
  ...
# Subtest: strict dispatch rejects CallByName b, "Value", vbGet, 2
ok 634 - strict dispatch rejects CallByName b, "Value", vbGet, 2
  ---
  duration_ms: 0.883353
  type: 'test'
  ...
# Subtest: strict dispatch rejects Debug.Print CallByName(Nothing,"X",vbGet)
ok 635 - strict dispatch rejects Debug.Print CallByName(Nothing,"X",vbGet)
  ---
  duration_ms: 0.926856
  type: 'test'
  ...
# Subtest: strict dispatch rejects Debug.Print CallByName(3,"X",vbGet)
ok 636 - strict dispatch rejects Debug.Print CallByName(3,"X",vbGet)
  ---
  duration_ms: 10.208703
  type: 'test'
  ...
# Subtest: strict dispatch rejects Debug.Print CallByName(b,"constructor",vbMethod)
ok 637 - strict dispatch rejects Debug.Print CallByName(b,"constructor",vbMethod)
  ---
  duration_ms: 13.71391
  type: 'test'
  ...
# Subtest: strict dispatch rejects Debug.Print CallByName(b,"__proto__",vbGet)
ok 638 - strict dispatch rejects Debug.Print CallByName(b,"__proto__",vbGet)
  ---
  duration_ms: 1.3169
  type: 'test'
  ...
# Subtest: strict dispatch rejects Debug.Print CallByName(b,"_runtime",vbGet)
ok 639 - strict dispatch rejects Debug.Print CallByName(b,"_runtime",vbGet)
  ---
  duration_ms: 0.886656
  type: 'test'
  ...
# Subtest: Private module fields are invisible across modules
ok 640 - Private module fields are invisible across modules
  ---
  duration_ms: 3.338838
  type: 'test'
  ...
# Subtest: Public module fields remain accessible
ok 641 - Public module fields remain accessible
  ---
  duration_ms: 0.720874
  type: 'test'
  ...
# Subtest: same class code can access Private fields of peer instances
ok 642 - same class code can access Private fields of peer instances
  ---
  duration_ms: 1.095257
  type: 'test'
  ...
# Subtest: Error variants cannot be truth values
ok 643 - Error variants cannot be truth values
  ---
  duration_ms: 0.970082
  type: 'test'
  ...
# Subtest: TypeOf rejects Variant Error rather than treating it as an object
ok 644 - TypeOf rejects Variant Error rather than treating it as an object
  ---
  duration_ms: 0.57644
  type: 'test'
  ...
# Subtest: indexed private property setter cannot bypass public getter visibility
ok 645 - indexed private property setter cannot bypass public getter visibility
  ---
  duration_ms: 1.043045
  type: 'test'
  ...
# Subtest: three named deterministic palettes; no unsafe theme identifiers
ok 646 - three named deterministic palettes; no unsafe theme identifiers
  ---
  duration_ms: 2.960909
  type: 'test'
  ...
# Subtest: Win32 system colors resolve all 31 slots in each palette
ok 647 - Win32 system colors resolve all 31 slots in each palette
  ---
  duration_ms: 0.533616
  type: 'test'
  ...
# Subtest: signed and unsigned OLE system colors resolve identically
ok 648 - signed and unsigned OLE system colors resolve identically
  ---
  duration_ms: 0.102284
  type: 'test'
  ...
# Subtest: authored RGB literals do not change between themes
ok 649 - authored RGB literals do not change between themes
  ---
  duration_ms: 0.318158
  type: 'test'
  ...
# Subtest: DOM colors reference semantic system variables; invalid values use fallback
ok 650 - DOM colors reference semantic system variables; invalid values use fallback
  ---
  duration_ms: 0.276742
  type: 'test'
  ...
# Subtest: font fallback preserves locally installed MS Sans Serif rather than replacing it with Arial
ok 651 - font fallback preserves locally installed MS Sans Serif rather than replacing it with Arial
  ---
  duration_ms: 0.261942
  type: 'test'
  ...
# Subtest: appearance input is allow-listed and classic defaults hide modern document/debug tabs
ok 652 - appearance input is allow-listed and classic defaults hide modern document/debug tabs
  ---
  duration_ms: 4.394397
  type: 'test'
  ...
# Subtest: all intrinsic and extended toolbox entries have font-independent glyphs
ok 653 - all intrinsic and extended toolbox entries have font-independent glyphs
  ---
  duration_ms: 0.192761
  type: 'test'
  ...
# Subtest: Currency exact decimal 922337203685477.5807
ok 654 - Currency exact decimal 922337203685477.5807
  ---
  duration_ms: 3.319789
  type: 'test'
  ...
# Subtest: Currency exact decimal -922337203685477.5808
ok 655 - Currency exact decimal -922337203685477.5808
  ---
  duration_ms: 0.337864
  type: 'test'
  ...
# Subtest: Currency exact decimal 0.0001
ok 656 - Currency exact decimal 0.0001
  ---
  duration_ms: 0.173161
  type: 'test'
  ...
# Subtest: Currency exact decimal -0.0001
ok 657 - Currency exact decimal -0.0001
  ---
  duration_ms: 0.12989
  type: 'test'
  ...
# Subtest: Currency exact decimal 123456789012345.1234
ok 658 - Currency exact decimal 123456789012345.1234
  ---
  duration_ms: 0.105539
  type: 'test'
  ...
# Subtest: Currency exact decimal 0
ok 659 - Currency exact decimal 0
  ---
  duration_ms: 0.089856
  type: 'test'
  ...
# Subtest: Currency exact decimal 1.23
ok 660 - Currency exact decimal 1.23
  ---
  duration_ms: 1.021679
  type: 'test'
  ...
# Subtest: Currency decimal rounding 1.23445
ok 661 - Currency decimal rounding 1.23445
  ---
  duration_ms: 0.307095
  type: 'test'
  ...
# Subtest: Currency decimal rounding 1.23455
ok 662 - Currency decimal rounding 1.23455
  ---
  duration_ms: 0.480795
  type: 'test'
  ...
# Subtest: Currency decimal rounding -1.23445
ok 663 - Currency decimal rounding -1.23445
  ---
  duration_ms: 0.400723
  type: 'test'
  ...
# Subtest: Currency decimal rounding -1.23455
ok 664 - Currency decimal rounding -1.23455
  ---
  duration_ms: 0.18265
  type: 'test'
  ...
# Subtest: Currency decimal rounding 1.23456e2
ok 665 - Currency decimal rounding 1.23456e2
  ---
  duration_ms: 0.087158
  type: 'test'
  ...
# Subtest: Currency decimal rounding .00005
ok 666 - Currency decimal rounding .00005
  ---
  duration_ms: 0.147051
  type: 'test'
  ...
# Subtest: Currency decimal rounding .00015
ok 667 - Currency decimal rounding .00015
  ---
  duration_ms: 0.078024
  type: 'test'
  ...
# Subtest: Currency rejects both range overflows
ok 668 - Currency rejects both range overflows
  ---
  duration_ms: 0.580631
  type: 'test'
  ...
# Subtest: Currency multiplication retains integer precision and ties to even
ok 669 - Currency multiplication retains integer precision and ties to even
  ---
  duration_ms: 0.516406
  type: 'test'
  ...
# Subtest: Currency comparisons distinguish adjacent units at the upper range
ok 670 - Currency comparisons distinguish adjacent units at the upper range
  ---
  duration_ms: 0.174282
  type: 'test'
  ...
# Subtest: Currency unary and checked arithmetic do not silently overflow
ok 671 - Currency unary and checked arithmetic do not silently overflow
  ---
  duration_ms: 0.200079
  type: 'test'
  ...
# Subtest: Currency literals and library functions execute without IEEE conversion
ok 672 - Currency literals and library functions execute without IEEE conversion
  ---
  duration_ms: 36.15906
  type: 'test'
  ...
# Subtest: Null concatenation and implication have explicit three-valued results
ok 673 - Null concatenation and implication have explicit three-valued results
  ---
  duration_ms: 0.185834
  type: 'test'
  ...
# Subtest: Nothing is distinct from Null, Empty, and non-object operands
ok 674 - Nothing is distinct from Null, Empty, and non-object operands
  ---
  duration_ms: 14.004183
  type: 'test'
  ...
# Subtest: As New is lazy, aliases retain objects and Nothing triggers recreation
ok 675 - As New is lazy, aliases retain objects and Nothing triggers recreation
  ---
  duration_ms: 57.671858
  type: 'test'
  ...
# Subtest: fixed strings pad and truncate at assignments
ok 676 - fixed strings pad and truncate at assignments
  ---
  duration_ms: 7.493064
  type: 'test'
  ...
# Subtest: conditional compilation skips unavailable native code and preserves lines
ok 677 - conditional compilation skips unavailable native code and preserves lines
  ---
  duration_ms: 7.409589
  type: 'test'
  ...
# Subtest: project conditional constants and nested dead branches
ok 678 - project conditional constants and nested dead branches
  ---
  duration_ms: 4.828951
  type: 'test'
  ...
# Subtest: conditional structure rejects \#Else
ok 679 - conditional structure rejects \#Else
  ---
  duration_ms: 0.279877
  type: 'test'
  ...
# Subtest: conditional structure rejects \#End If
ok 680 - conditional structure rejects \#End If
  ---
  duration_ms: 0.109629
  type: 'test'
  ...
# Subtest: conditional structure rejects \#If True Then
ok 681 - conditional structure rejects \#If True Then
  ---
  duration_ms: 0.261461
  type: 'test'
  ...
# Subtest: conditional structure rejects \#If True Then / \#Else / \#Else / \#End If
ok 682 - conditional structure rejects \#If True Then / \#Else / \#Else / \#End If
  ---
  duration_ms: 0.142792
  type: 'test'
  ...
# Subtest: conditional structure rejects \#If Now() Then / \#End If
ok 683 - conditional structure rejects \#If Now() Then / \#End If
  ---
  duration_ms: 0.202521
  type: 'test'
  ...
# Subtest: MDI geometry: clamp negative origin
ok 684 - MDI geometry: clamp negative origin
  ---
  duration_ms: 2.412717
  type: 'test'
  ...
# Subtest: MDI geometry: clamp oversized bounds
ok 685 - MDI geometry: clamp oversized bounds
  ---
  duration_ms: 0.176245
  type: 'test'
  ...
# Subtest: MDI geometry: respect normal minimums
ok 686 - MDI geometry: respect normal minimums
  ---
  duration_ms: 0.156709
  type: 'test'
  ...
# Subtest: MDI geometry: fit very narrow workspace
ok 687 - MDI geometry: fit very narrow workspace
  ---
  duration_ms: 0.109121
  type: 'test'
  ...
# Subtest: MDI geometry: round stable pixel bounds
ok 688 - MDI geometry: round stable pixel bounds
  ---
  duration_ms: 0.170236
  type: 'test'
  ...
# Subtest: MDI tiled children can be smaller than manual resize minimum
ok 689 - MDI tiled children can be smaller than manual resize minimum
  ---
  duration_ms: 4.340795
  type: 'test'
  ...
# Subtest: scroll thumb endpoints, middle, and short tracks
ok 690 - scroll thumb endpoints, middle, and short tracks
  ---
  duration_ms: 0.366218
  type: 'test'
  ...
# Subtest: scroll reversed and negative ranges preserve direction
ok 691 - scroll reversed and negative ranges preserve direction
  ---
  duration_ms: 3.499574
  type: 'test'
  ...
# Subtest: scroll thumb clamps out-of-range values and handles an empty range
ok 692 - scroll thumb clamps out-of-range values and handles an empty range
  ---
  duration_ms: 0.487709
  type: 'test'
  ...
# Subtest: MsgBox flag combinations: return codes, symbols and default button
ok 693 - MsgBox flag combinations: return codes, symbols and default button
  ---
  duration_ms: 0.759469
  type: 'test'
  ...
# Subtest: MsgBox Cancel handling is not invented for Yes/No or Abort/Retry/Ignore
ok 694 - MsgBox Cancel handling is not invented for Yes/No or Abort/Retry/Ignore
  ---
  duration_ms: 0.361509
  type: 'test'
  ...
# Subtest: MsgBox flags clamp the default index and preserve RTL/alignment requests
ok 695 - MsgBox flags clamp the default index and preserve RTL/alignment requests
  ---
  duration_ms: 0.131796
  type: 'test'
  ...
# Subtest: property numbers: signed OLE colors, decimal, RGB notation and finite validation
ok 696 - property numbers: signed OLE colors, decimal, RGB notation and finite validation
  ---
  duration_ms: 1.305272
  type: 'test'
  ...
# Subtest: new default control colors adapt without changing authored RGB colors
ok 697 - new default control colors adapt without changing authored RGB colors
  ---
  duration_ms: 0.917101
  type: 'test'
  ...
# Subtest: restricted bundler supports local export lists and relative aliases
ok 698 - restricted bundler supports local export lists and relative aliases
  ---
  duration_ms: 7.904926
  type: 'test'
  ...
# Subtest: complete workspace profile round trips with no source text
ok 699 - complete workspace profile round trips with no source text
  ---
  duration_ms: 13.896331
  type: 'test'
  ...
# Subtest: original v1 docking-only layouts remain supported
ok 700 - original v1 docking-only layouts remain supported
  ---
  duration_ms: 0.613139
  type: 'test'
  ...
# Subtest: multiple imported profiles preserve registered windows from a single-use iterator
ok 701 - multiple imported profiles preserve registered windows from a single-use iterator
  ---
  duration_ms: 1.100504
  type: 'test'
  ...
# Subtest: layout names are data including __proto__, constructor and toString
ok 702 - layout names are data including __proto__, constructor and toString
  ---
  duration_ms: 3.806394
  type: 'test'
  ...
# Subtest: rejected layout imports do not mutate the inputs or expose partial results
ok 703 - rejected layout imports do not mutate the inputs or expose partial results
  ---
  duration_ms: 3.746042
  type: 'test'
  ...
# Subtest: workspace rejects invalid version
ok 704 - workspace rejects invalid version
  ---
  duration_ms: 0.483523
  type: 'test'
  ...
# Subtest: workspace rejects missing docking
ok 705 - workspace rejects missing docking
  ---
  duration_ms: 0.864748
  type: 'test'
  ...
# Subtest: workspace rejects invalid toolbar
ok 706 - workspace rejects invalid toolbar
  ---
  duration_ms: 0.250627
  type: 'test'
  ...
# Subtest: workspace rejects too many documents
ok 707 - workspace rejects too many documents
  ---
  duration_ms: 1.062405
  type: 'test'
  ...
# Subtest: workspace rejects duplicate document
ok 708 - workspace rejects duplicate document
  ---
  duration_ms: 0.948422
  type: 'test'
  ...
# Subtest: workspace rejects unknown view
ok 709 - workspace rejects unknown view
  ---
  duration_ms: 0.520009
  type: 'test'
  ...
# Subtest: workspace rejects invalid bounds
ok 710 - workspace rejects invalid bounds
  ---
  duration_ms: 0.493571
  type: 'test'
  ...
# Subtest: workspace rejects invalid editor metadata
ok 711 - workspace rejects invalid editor metadata
  ---
  duration_ms: 0.439349
  type: 'test'
  ...
# Subtest: workspace rejects null editor view
ok 712 - workspace rejects null editor view
  ---
  duration_ms: 0.392596
  type: 'test'
  ...
# Subtest: workspace rejects too many windows
ok 713 - workspace rejects too many windows
  ---
  duration_ms: 0.350757
  type: 'test'
  ...
# Subtest: layout collection limits reject oversized input and invalid names
ok 714 - layout collection limits reject oversized input and invalid names
  ---
  duration_ms: 3.82992
  type: 'test'
  ...
# Subtest: editor state clamps untrusted offsets, ratios, viewport sizes and direction
ok 715 - editor state clamps untrusted offsets, ratios, viewport sizes and direction
  ---
  duration_ms: 0.200112
  type: 'test'
  ...
# Subtest: generated restored docking group cannot overwrite an existing group
ok 716 - generated restored docking group cannot overwrite an existing group
  ---
  duration_ms: 6.809229
  type: 'test'
  ...
# Subtest: malformed docking windows reject atomically
ok 717 - malformed docking windows reject atomically
  ---
  duration_ms: 0.313247
  type: 'test'
  ...
# Subtest: workspace retains registered modeless tools and their active window
ok 718 - workspace retains registered modeless tools and their active window
  ---
  duration_ms: 0.63032
  type: 'test'
  ...
# Subtest: workspace rejects unknown and duplicate modeless tool identifiers
ok 719 - workspace rejects unknown and duplicate modeless tool identifiers
  ---
  duration_ms: 0.952778
  type: 'test'
  ...
1..719
# tests 719
# suites 0
# pass 719
# fail 0
# cancelled 0
# skipped 0
# todo 0
# duration_ms 4331.22963
